id,countyId,cityId,price,pricePerSquareFoot,city,streetAddress,zipcode,longitude,latitude,bathrooms,bedrooms,hasGarage,pool,homeType,county,bbox,coordinates
31503-110785431,17,55064,169900,74,Waycross,103 Hog Creek Rd,31503,-82.23247528,31.20070267,3,4,0,0,SINGLE_FAMILY,Brantley County,"['31.01063', '31.373188', '-82.284531', '-81.731694']",POINT (-82.23247528 31.20070267)
31503-76611082,18,55064,159000,56,Waycross,605 Ware St,31503,-82.36510468,31.21383476,2,4,0,0,SINGLE_FAMILY,Ware County,"['30.568481', '31.469048', '-82.701332', '-82.1317511']",POINT (-82.36510468 31.21383476)
31503-93126153,19,55064,45000,62,Waycross,1961 Mount Pleasant Rd,31503,-82.32711792,31.21083832,1,1,0,0,SINGLE_FAMILY,Ware County,"['30.568481', '31.469048', '-82.701332', '-82.1317511']",POINT (-82.32711792 31.21083832)
31503-110785598,20,55064,165000,102,Waycross,39 Joyce Rd,31503,-82.23130035,31.1698513,2,2,0,0,SINGLE_FAMILY,Brantley County,"['31.01063', '31.373188', '-82.284531', '-81.731694']",POINT (-82.23130035 31.1698513)
31503-2101070583,21,55064,128593,0,Waycross,0 Swamp Rd,31503,-82.40552521,31.04598427,0,0,0,0,LOT,Ware County,"['30.568481', '31.469048', '-82.701332', '-82.1317511']",POINT (-82.40552521 31.04598427)
31503-227421330,22,55064,173500,115,Waycross,3475 Lark Rdg,31503,-82.30085754,31.21701431,2,3,0,0,SINGLE_FAMILY,Ware County,"['30.568481', '31.469048', '-82.701332', '-82.1317511']",POINT (-82.30085754 31.21701431)
31503-110784307,23,55064,349900,152,Waycross,178 Wynton Cir,31503,-82.28270721,31.21199226,2,3,0,1,SINGLE_FAMILY,Brantley County,"['31.01063', '31.373188', '-82.284531', '-81.731694']",POINT (-82.28270721 31.21199226)
31503-76611183,24,55064,99500,72,Waycross,1807 Gibbs St,31503,-82.36397552,31.19115257,1,3,0,0,SINGLE_FAMILY,Ware County,"['30.568481', '31.469048', '-82.701332', '-82.1317511']",POINT (-82.36397552 31.19115257)
31503-93126463,25,55064,129500,69,Waycross,1200 N Augusta Ave,31503,-82.3844223,31.23105049,2,3,0,0,SINGLE_FAMILY,Ware County,"['30.568481', '31.469048', '-82.701332', '-82.1317511']",POINT (-82.3844223 31.23105049)
31503-93124512,26,55064,159995,87,Waycross,1801 Creswell St,31503,-82.36191559,31.19118118,3,3,0,1,SINGLE_FAMILY,Ware County,"['30.568481', '31.469048', '-82.701332', '-82.1317511']",POINT (-82.36191559 31.19118118)
31503-93133495,27,55064,59900,46,Waycross,1303 Carswell Ave,31503,-82.37071991,31.21306419,1,3,0,0,SINGLE_FAMILY,Ware County,"['30.568481', '31.469048', '-82.701332', '-82.1317511']",POINT (-82.37071991 31.21306419)
31503-76613202,28,55064,199500,104,Waycross,1906 Hall St,31503,-82.36638641,31.18942833,2,3,0,1,SINGLE_FAMILY,Ware County,"['30.568481', '31.469048', '-82.701332', '-82.1317511']",POINT (-82.36638641 31.18942833)
31503-111813246,29,55064,52900,56,Waycross,509 Clinton St,31503,-82.37063599,31.21279526,1,2,0,0,SINGLE_FAMILY,Ware County,"['30.568481', '31.469048', '-82.701332', '-82.1317511']",POINT (-82.37063599 31.21279526)
31503-2071132145,30,55064,159800,0,Waycross,0 Scapa Rd,31503,-82.42732239,31.24037361,0,0,0,0,LOT,Ware County,"['30.568481', '31.469048', '-82.701332', '-82.1317511']",POINT (-82.42732239 31.24037361)
31503-111788457,31,55064,490000,0,Waycross,3000 Gibbs St,31503,-82.36742401,31.17031479,3,3,0,0,SINGLE_FAMILY,Ware County,"['30.568481', '31.469048', '-82.701332', '-82.1317511']",POINT (-82.36742401 31.17031479)
31503-111813195,32,55064,54999,23,Waycross,3601 Pebble Hill Rd,31503,-82.43564606,31.29154015,0,3,0,0,LOT,Ware County,"['30.568481', '31.469048', '-82.701332', '-82.1317511']",POINT (-82.43564606 31.29154015)
31503-2082742498,33,55064,269999,0,Waycross,0 S Clough Bay Rd,31503,-82.460495,31.2063446,0,0,0,0,LOT,Ware County,"['30.568481', '31.469048', '-82.701332', '-82.1317511']",POINT (-82.460495 31.2063446)
31503-93126852,34,55064,259900,95,Waycross,4395 Whitehall Church Rd,31503,-82.28591919,31.19734955,3,3,0,0,SINGLE_FAMILY,Ware County,"['30.568481', '31.469048', '-82.701332', '-82.1317511']",POINT (-82.28591919 31.19734955)
31503-111814266,35,55064,175000,88,Waycross,3461 Lark Rdg,31503,-82.30155945,31.21701622,2,3,0,0,SINGLE_FAMILY,Ware County,"['30.568481', '31.469048', '-82.701332', '-82.1317511']",POINT (-82.30155945 31.21701622)
31503-111815152,36,55064,798000,110,Waycross,3436 Driggers Rd,31503,-82.30395508,31.20638657,8,7,0,1,SINGLE_FAMILY,Ware County,"['30.568481', '31.469048', '-82.701332', '-82.1317511']",POINT (-82.30395508 31.20638657)
31503-2070023787,37,55064,144000,0,Waycross,0 Griffin Rd,31503,-82.4365387,31.15389061,0,0,0,0,LOT,Ware County,"['30.568481', '31.469048', '-82.701332', '-82.1317511']",POINT (-82.4365387 31.15389061)
31503-2077834937,38,55064,264500,0,Waycross,0 Oe McDonald Rd,31503,-82.46932983,31.18241692,0,0,0,0,LOT,Ware County,"['30.568481', '31.469048', '-82.701332', '-82.1317511']",POINT (-82.46932983 31.18241692)
31503-2070061273,39,55064,166000,0,Waycross,0 Buck Griffin Rd,31503,-82.45711517,31.14128876,0,0,0,0,LOT,Ware County,"['30.568481', '31.469048', '-82.701332', '-82.1317511']",POINT (-82.45711517 31.14128876)
31503-2070061902,40,55064,97500,0,Waycross,0 Ammons Rd,31503,-82.48648834,31.15022659,0,0,0,0,LOT,Ware County,"['30.568481', '31.469048', '-82.701332', '-82.1317511']",POINT (-82.48648834 31.15022659)
31503-2070072108,41,55064,30000,0,Waycross,0 Glenmore Rd,31503,-82.52774811,31.12068558,0,0,0,0,LOT,Ware County,"['30.568481', '31.469048', '-82.701332', '-82.1317511']",POINT (-82.52774811 31.12068558)
30055-70016176,1861,39602,350000,273,Mansfield,245 Pace St,30055,-83.82614136,33.40819168,2,2,1,0,SINGLE_FAMILY,Jasper County,"['33.131861', '33.52622', '-83.863362', '-83.533736']",POINT (-83.82614136 33.40819168)
30055-2069706114,1862,39602,1341895,0,Mansfield,780 Gaithers Rd,30055,-83.7724762,33.49976349,0,0,0,0,LOT,Newton County,"['33.367239', '33.744203', '-84.055221', '-83.674644']",POINT (-83.7724762 33.49976349)
30055-2069706113,1863,39602,45000,0,Mansfield,0 Gaithers Rd,30055,-83.74897003,33.51334763,0,0,0,0,LOT,Newton County,"['33.367239', '33.744203', '-84.055221', '-83.674644']",POINT (-83.74897003 33.51334763)
30055-243561168,1864,39602,758850,0,Mansfield,830 Gaithers Rd,30055,-83.77209473,33.49591064,0,0,0,0,LOT,Newton County,"['33.367239', '33.744203', '-84.055221', '-83.674644']",POINT (-83.77209473 33.49591064)
30055-2069820712,1865,39602,9980,0,Mansfield,0 Bob Cat Trl #2,30055,-83.81880951,33.42090988,0,0,0,0,LOT,Jasper County,"['33.131861', '33.52622', '-83.863362', '-83.533736']",POINT (-83.81880951 33.42090988)
30055-2069926398,1866,39602,220000,157,Mansfield,909 Stag Run Dr #72,30055,-83.81406403,33.4336853,2,3,1,0,SINGLE_FAMILY,Jasper County,"['33.131861', '33.52622', '-83.863362', '-83.533736']",POINT (-83.81406403 33.4336853)
30055-2070800649,1867,39602,125000,0,Mansfield,0 Doe Ln #48-49-50,30055,-83.81787872,33.4248085,0,0,0,0,LOT,Jasper County,"['33.131861', '33.52622', '-83.863362', '-83.533736']",POINT (-83.81787872 33.4248085)
30055-2117263094,1868,39602,390350,0,Mansfield,0 Woodlawn Rd,30055,-83.73968506,33.52336121,0,0,0,0,LOT,Newton County,"['33.367239', '33.744203', '-84.055221', '-83.674644']",POINT (-83.73968506 33.52336121)
30055-230962783,1869,39602,312500,144,Mansfield,250 Rainbow Dr,30055,-83.82649994,33.4249649,3,3,1,0,SINGLE_FAMILY,Jasper County,"['33.131861', '33.52622', '-83.863362', '-83.533736']",POINT (-83.82649994 33.4249649)
30055-112803767,1870,39602,775000,0,Mansfield,3535 County Line Rd,30055,-83.79694366,33.43168259,3,3,1,0,SINGLE_FAMILY,Jasper County,"['33.131861', '33.52622', '-83.863362', '-83.533736']",POINT (-83.79694366 33.43168259)
30055-2070268292,1871,39602,364900,135,Mansfield,114 Loyd Rd,30055,-83.73121643,33.51128387,3,4,1,0,SINGLE_FAMILY,Newton County,"['33.367239', '33.744203', '-84.055221', '-83.674644']",POINT (-83.73121643 33.51128387)
30055-2070268280,1872,39602,349900,147,Mansfield,122 Loyd Rd,30055,-83.7309494,33.51107788,3,4,1,0,SINGLE_FAMILY,Newton County,"['33.367239', '33.744203', '-84.055221', '-83.674644']",POINT (-83.7309494 33.51107788)
30055-2089627888,1873,39602,24900,0,Mansfield,642 Alcovy North Dr,30055,-83.82401276,33.41610336,0,0,0,0,LOT,Jasper County,"['33.131861', '33.52622', '-83.863362', '-83.533736']",POINT (-83.82401276 33.41610336)
30055-105345503,1874,39602,440000,199,Mansfield,1310 Estes Rd,30055,-83.65435028,33.58347702,2,3,1,0,SINGLE_FAMILY,Morgan County,"['33.434472', '33.81776', '-83.687386', '-83.269196']",POINT (-83.65435028 33.58347702)
30055-2072073381,1875,39602,1300000,180,Mansfield,3000 Highway 229,30055,-83.68920898,33.54794312,7,4,1,1,SINGLE_FAMILY,Newton County,"['33.367239', '33.744203', '-84.055221', '-83.674644']",POINT (-83.68920898 33.54794312)
30055-70020518,1876,39602,477000,272,Mansfield,2199 Jackson Lake Rd,30055,-83.79078674,33.40166855,2,3,0,0,SINGLE_FAMILY,Jasper County,"['33.131861', '33.52622', '-83.863362', '-83.533736']",POINT (-83.79078674 33.40166855)
30055-2072181948,1877,39602,700000,0,Mansfield,0 Long Piney Rd,30055,-83.79966736,33.39718246,0,0,0,0,LOT,Jasper County,"['33.131861', '33.52622', '-83.863362', '-83.533736']",POINT (-83.79966736 33.39718246)
30055-2072291712,1878,39602,296000,205,Mansfield,421 Alcovy Rd #8/9,30055,-83.82525635,33.41340637,2,3,0,0,SINGLE_FAMILY,Jasper County,"['33.131861', '33.52622', '-83.863362', '-83.533736']",POINT (-83.82525635 33.41340637)
30055-112801212,1879,39602,750000,0,Mansfield,28 Wisteria Ln,30055,-83.81156158,33.40068817,0,0,0,0,LOT,Jasper County,"['33.131861', '33.52622', '-83.863362', '-83.533736']",POINT (-83.81156158 33.40068817)
30055-70020139,1880,39602,369900,151,Mansfield,795 Bear Creek Point,30055,-83.82189941,33.4332695,3,3,1,0,SINGLE_FAMILY,Jasper County,"['33.131861', '33.52622', '-83.863362', '-83.533736']",POINT (-83.82189941 33.4332695)
30055-117763785,1881,39602,1200000,139,Mansfield,1020 Estes Rd,30055,-83.66210938,33.58328247,6,5,1,1,SINGLE_FAMILY,Morgan County,"['33.434472', '33.81776', '-83.687386', '-83.269196']",POINT (-83.66210938 33.58328247)
30055-243561175,1882,39602,550000,194,Mansfield,90 Old Post Rd,30055,-83.76670074,33.45932388,4,4,1,0,SINGLE_FAMILY,Newton County,"['33.367239', '33.744203', '-84.055221', '-83.674644']",POINT (-83.76670074 33.45932388)
30055-69873349,1883,39602,1179900,108,Mansfield,3590 Highway 229,30055,-83.6939621,33.53816605,5,4,1,0,SINGLE_FAMILY,Newton County,"['33.367239', '33.744203', '-84.055221', '-83.674644']",POINT (-83.6939621 33.53816605)
30553-93101355,1885,18964,113300,0,Lavonia,595 Price Chapel Rd,30553,-83.03713989,34.42413712,0,0,0,0,LOT,Hart County,"['34.210163', '34.4937551', '-83.115847', '-82.7740628']",POINT (-83.03713989 34.42413712)
30553-76444997,1887,18964,379900,159,Lavonia,86 Stonebrook Pl,30553,-83.09806824,34.44451904,2,3,1,0,SINGLE_FAMILY,Franklin County,"['34.22373', '34.5366858', '-83.398354', '-83.0518951']",POINT (-83.09806824 34.44451904)
30553-230957169,1888,18964,325000,305,Lavonia,363 Chateau Dr,30553,-83.0981369,34.49860764,2,2,1,0,SINGLE_FAMILY,Franklin County,"['34.22373', '34.5366858', '-83.398354', '-83.0518951']",POINT (-83.0981369 34.49860764)
30553-76445760,1889,18964,109000,123,Lavonia,81 Stone Bridge Cove Way,30553,-83.08946991,34.50265121,1,3,1,0,SINGLE_FAMILY,Franklin County,"['34.22373', '34.5366858', '-83.398354', '-83.0518951']",POINT (-83.08946991 34.50265121)
30553-2093496068,1890,18964,299999,142,Lavonia,135 Stonebrook Pl,30553,-83.09952545,34.44398117,3,3,1,0,SINGLE_FAMILY,Franklin County,"['34.22373', '34.5366858', '-83.398354', '-83.0518951']",POINT (-83.09952545 34.44398117)
30553-230959203,1891,18964,250000,155,Lavonia,42 Hickory Pl,30553,-83.09214783,34.50189972,2,3,1,0,SINGLE_FAMILY,Franklin County,"['34.22373', '34.5366858', '-83.398354', '-83.0518951']",POINT (-83.09214783 34.50189972)
30553-2069735790,1892,18964,174500,113,Lavonia,240 Myrtle St TRACT 1,30553,-83.09893036,34.42367935,2,3,0,0,SINGLE_FAMILY,Franklin County,"['34.22373', '34.5366858', '-83.398354', '-83.0518951']",POINT (-83.09893036 34.42367935)
30553-2069620442,1893,18964,330000,0,Lavonia,12605B Augusta Rd,30553,-83.1076889,34.43227768,3,5,0,0,SINGLE_FAMILY,Franklin County,"['34.22373', '34.5366858', '-83.398354', '-83.0518951']",POINT (-83.1076889 34.43227768)
30553-2069779852,1894,18964,35000,0,Lavonia,79 Lake Place Dr,30553,-83.09915924,34.5110321,0,0,0,0,LOT,Franklin County,"['34.22373', '34.5366858', '-83.398354', '-83.0518951']",POINT (-83.09915924 34.5110321)
30553-2070193069,1895,18964,587000,222,Lavonia,215 Rue Cezzan,30553,-83.08337402,34.50662613,2,3,1,0,SINGLE_FAMILY,Franklin County,"['34.22373', '34.5366858', '-83.398354', '-83.0518951']",POINT (-83.08337402 34.50662613)
30553-2069811034,1896,18964,35000,0,Lavonia,79-79 Lake Place Dr,30553,-83.09281921,34.5127449,0,0,0,0,LOT,Franklin County,"['34.22373', '34.5366858', '-83.398354', '-83.0518951']",POINT (-83.09281921 34.5127449)
30553-95191372,1897,18964,280000,115,Lavonia,301 Ansley Dr,30553,-83.07307434,34.46007919,3,3,1,0,SINGLE_FAMILY,Franklin County,"['34.22373', '34.5366858', '-83.398354', '-83.0518951']",POINT (-83.07307434 34.46007919)
30553-2093835679,1898,18964,1828800,0,Lavonia,0 Highway 17,30553,-83.1244812,34.44813919,0,0,0,0,LOT,Franklin County,"['34.22373', '34.5366858', '-83.398354', '-83.0518951']",POINT (-83.1244812 34.44813919)
30553-2070458449,1899,53180,53000,0,Lavonia,0 Corbet Chappelear Rd,30553,-83.16674805,34.44782257,0,0,0,0,LOT,Franklin County,"['34.22373', '34.5366858', '-83.398354', '-83.0518951']",POINT (-83.16674805 34.44782257)
30553-76445724,1900,18964,26000,0,Lavonia,190 Bradford Pl,30553,-83.08303833,34.45675659,0,0,0,0,LOT,Franklin County,"['34.22373', '34.5366858', '-83.398354', '-83.0518951']",POINT (-83.08303833 34.45675659)
30553-2113289911,1901,18964,10,0,Lavonia,0 Rue Chalet,30553,-83.09910583,34.48968506,0,0,0,0,LOT,Franklin County,"['34.22373', '34.5366858', '-83.398354', '-83.0518951']",POINT (-83.09910583 34.48968506)
30553-2078987744,1902,18964,1851250,0,Lavonia,0 West Ave,30553,-83.10597229,34.43672943,0,0,0,0,LOT,Franklin County,"['34.22373', '34.5366858', '-83.398354', '-83.0518951']",POINT (-83.10597229 34.43672943)
30553-2079097816,1903,18964,5250,0,Lavonia,0 Saint Michael Dr,30553,-83.10781097,34.50237274,0,0,0,0,LOT,Franklin County,"['34.22373', '34.5366858', '-83.398354', '-83.0518951']",POINT (-83.10781097 34.50237274)
30553-2080746750,1904,18964,9300,0,Lavonia,0 Stillwater Cv #123,30553,-83.10477448,34.49518585,0,0,0,0,LOT,Franklin County,"['34.22373', '34.5366858', '-83.398354', '-83.0518951']",POINT (-83.10477448 34.49518585)
30553-2076565638,1905,18964,225000,0,Lavonia,0 Knox Bridge Rd #59,30553,-83.02425385,34.47878647,0,0,0,0,LOT,Hart County,"['34.210163', '34.4937551', '-83.115847', '-82.7740628']",POINT (-83.02425385 34.47878647)
30553-2076563327,1906,18964,15000,0,Lavonia,0 Bow Ln,30553,-83.04960632,34.48327637,0,0,0,0,LOT,Hart County,"['34.210163', '34.4937551', '-83.115847', '-82.7740628']",POINT (-83.04960632 34.48327637)
30553-2099455803,1907,18964,4000,0,Lavonia,0 Lewis Dr,30553,-83.10913086,34.50276947,0,0,0,0,LOT,Franklin County,"['34.22373', '34.5366858', '-83.398354', '-83.0518951']",POINT (-83.10913086 34.50276947)
30553-2075243873,1908,18964,65000,0,Lavonia,0 Seraph Poin #1,30553,-82.98223877,34.46163559,0,0,0,0,LOT,Hart County,"['34.210163', '34.4937551', '-83.115847', '-82.7740628']",POINT (-82.98223877 34.46163559)
30553-2092013438,1909,18964,59900,0,Lavonia,0 Poplar Springs Rd #4-7E,30553,-83.10192108,34.50804138,0,0,0,0,LOT,Franklin County,"['34.22373', '34.5366858', '-83.398354', '-83.0518951']",POINT (-83.10192108 34.50804138)
30360-14578451,2408,17797,299900,171,Atlanta,4079 Clay Dr,30360,-84.28226471,33.91296768,2,3,0,0,SINGLE_FAMILY,Dekalb County,"['33.614666', '33.970866', '-84.350224', '-84.023713']",POINT (-84.28226471 33.91296768)
30360-2070343790,2409,17797,350000,184,Atlanta,2618 Avery Park Cir #24,30360,-84.283638,33.91661835,3,3,1,0,TOWNHOUSE,Dekalb County,"['33.614666', '33.970866', '-84.350224', '-84.023713']",POINT (-84.283638 33.91661835)
30360-14794162,2410,42728,425000,193,Doraville,3024 Sumac Dr,30360,-84.26361847,33.95121765,2,3,1,0,SINGLE_FAMILY,Gwinnett County,"['33.752808', '34.167873', '-84.277093', '-83.799104']",POINT (-84.26361847 33.95121765)
30360-14420643,2411,49352,475000,180,Dunwoody,4950 Glaze Dr,30360,-84.27360535,33.9432373,3,5,0,1,SINGLE_FAMILY,Dekalb County,"['33.614666', '33.970866', '-84.350224', '-84.023713']",POINT (-84.27360535 33.9432373)
30360-2075111836,2412,0,99000,0,Atlanta,6411 Peachtree Industrial Blvd,30360,-84.28007507,33.92376328,0,0,0,0,LOT,Dekalb County,"['33.614666', '33.970866', '-84.350224', '-84.023713']",POINT (-84.28007507 33.92376328)
30360-14581618,2413,49352,574900,150,Dunwoody,2508 Briers North Dr,30360,-84.284935,33.93252563,4,4,1,0,SINGLE_FAMILY,Dekalb County,"['33.614666', '33.970866', '-84.350224', '-84.023713']",POINT (-84.284935 33.93252563)
30360-2076726081,2414,17797,536068,234,Atlanta,2525 Great Silver Fir Aly #124,30360,-84.28766632,33.91665268,4,4,1,0,TOWNHOUSE,Dekalb County,"['33.614666', '33.970866', '-84.350224', '-84.023713']",POINT (-84.28766632 33.91665268)
30360-14787966,2415,42728,250000,215,Dunwoody,3106 Spring Dr,30360,-84.26504517,33.93246841,1,3,0,0,SINGLE_FAMILY,Gwinnett County,"['33.752808', '34.167873', '-84.277093', '-83.799104']",POINT (-84.26504517 33.93246841)
30360-302805277,2416,17797,799900,242,Doraville,4215 N Carver Dr,30360,-84.2883606,33.91780853,5,5,1,0,SINGLE_FAMILY,Dekalb County,"['33.614666', '33.970866', '-84.350224', '-84.023713']",POINT (-84.2883606 33.91780853)
30360-2070000094,2417,17797,799990,0,Atlanta,4215 N Carver Dr #1,30360,-84.28835297,33.9178009,5,5,1,0,SINGLE_FAMILY,Dekalb County,"['33.614666', '33.970866', '-84.350224', '-84.023713']",POINT (-84.28835297 33.9178009)
30360-37774443,2418,49352,484000,182,Dunwoody,2414 Chestnut Lndg,30360,-84.28347778,33.92522812,3,3,1,0,SINGLE_FAMILY,Dekalb County,"['33.614666', '33.970866', '-84.350224', '-84.023713']",POINT (-84.28347778 33.92522812)
30360-14420745,2419,49352,379000,199,Dunwoody,5249 Winters Chapel Rd,30360,-84.27092743,33.94948196,3,4,0,0,SINGLE_FAMILY,Dekalb County,"['33.614666', '33.970866', '-84.350224', '-84.023713']",POINT (-84.27092743 33.94948196)
30360-2070159365,2420,42728,399900,191,Atlanta,6930 Lockridge Dr,30360,-84.26806641,33.9515419,2,4,0,0,SINGLE_FAMILY,Gwinnett County,"['33.752808', '34.167873', '-84.277093', '-83.799104']",POINT (-84.26806641 33.9515419)
30360-14794583,2421,42728,575000,178,Doraville,6800 Chapel Glen Ct,30360,-84.27008057,33.95911407,4,4,1,1,SINGLE_FAMILY,Gwinnett County,"['33.752808', '34.167873', '-84.277093', '-83.799104']",POINT (-84.27008057 33.95911407)
30360-2075111821,2422,49352,499900,184,Atlanta,2587 W Fontainebleau Ct,30360,-84.28166962,33.95297623,3,4,1,0,SINGLE_FAMILY,Dekalb County,"['33.614666', '33.970866', '-84.350224', '-84.023713']",POINT (-84.28166962 33.95297623)
30360-123558531,2423,49352,839900,173,Dunwoody,5353 Whitney Lndg,30360,-84.27753448,33.95676422,5,5,1,0,SINGLE_FAMILY,Dekalb County,"['33.614666', '33.970866', '-84.350224', '-84.023713']",POINT (-84.27753448 33.95676422)
30360-14420871,2424,49352,520000,311,Dunwoody,2661 Fleur De Lis Pl,30360,-84.27913666,33.94947052,4,3,1,0,SINGLE_FAMILY,Dekalb County,"['33.614666', '33.970866', '-84.350224', '-84.023713']",POINT (-84.27913666 33.94947052)
30360-2070530379,2425,17797,537049,234,Atlanta,4235 Hickory Pine Aly #104,30360,-84.28783417,33.91624832,4,4,1,0,TOWNHOUSE,Dekalb County,"['33.614666', '33.970866', '-84.350224', '-84.023713']",POINT (-84.28783417 33.91624832)
30360-14420866,2426,49352,415000,236,Dunwoody,2697 Fleur De Lis Pl,30360,-84.27793884,33.95039368,3,3,1,0,SINGLE_FAMILY,Dekalb County,"['33.614666', '33.970866', '-84.350224', '-84.023713']",POINT (-84.27793884 33.95039368)
30360-14794346,2427,42728,575000,145,Doraville,3892 Miller Ct,30360,-84.26854706,33.95699692,3,4,1,0,SINGLE_FAMILY,Gwinnett County,"['33.752808', '34.167873', '-84.277093', '-83.799104']",POINT (-84.26854706 33.95699692)
30360-54448975,2428,49352,423000,249,Dunwoody,2942 Winter Rose Ct,30360,-84.26689911,33.93470764,3,3,1,0,SINGLE_FAMILY,Dekalb County,"['33.614666', '33.970866', '-84.350224', '-84.023713']",POINT (-84.26689911 33.93470764)
30360-2075629989,2429,17797,550364,218,Atlanta,2515 Great Silver Fir Aly #120,30360,-84.28798676,33.91665268,4,4,1,0,TOWNHOUSE,Dekalb County,"['33.614666', '33.970866', '-84.350224', '-84.023713']",POINT (-84.28798676 33.91665268)
30360-2075630195,2430,17797,532343,211,Atlanta,2511 Great Silver Fir Aly #118,30360,-84.28811646,33.91664886,4,4,1,0,TOWNHOUSE,Dekalb County,"['33.614666', '33.970866', '-84.350224', '-84.023713']",POINT (-84.28811646 33.91664886)
30360-2075630194,2431,17797,533264,211,Atlanta,2513 Great Silver Fir Aly #119,30360,-84.28804779,33.91665268,4,4,1,0,TOWNHOUSE,Dekalb County,"['33.614666', '33.970866', '-84.350224', '-84.023713']",POINT (-84.28804779 33.91665268)
30360-2075631276,2432,17797,537112,213,Atlanta,2509 Great Silver Fir Aly #117,30360,-84.28817749,33.91664886,4,4,1,0,TOWNHOUSE,Dekalb County,"['33.614666', '33.970866', '-84.350224', '-84.023713']",POINT (-84.28817749 33.91664886)
30477-2069651354,2433,7733,35000,0,Wadley,1108 Young St,30477,-82.39649963,32.88425446,1,3,0,0,SINGLE_FAMILY,Jefferson County,"['32.761333', '33.313488', '-82.662135', '-82.232493']",POINT (-82.39649963 32.88425446)
30477-2077734603,2434,7733,6500,0,Wadley,0 Sneed St,30477,-82.39879608,32.86351395,0,0,0,0,LOT,Jefferson County,"['32.761333', '33.313488', '-82.662135', '-82.232493']",POINT (-82.39879608 32.86351395)
30477-2076490980,2435,7733,69800,0,Wadley,0 S Us Highway 1,30477,-82.39341736,32.94623947,0,0,0,0,LOT,Jefferson County,"['32.761333', '33.313488', '-82.662135', '-82.232493']",POINT (-82.39341736 32.94623947)
30477-110797065,2436,7733,695000,138,Wadley,6694 Old Us Highway 1,30477,-82.40919495,32.88412857,7,6,0,0,SINGLE_FAMILY,Jefferson County,"['32.761333', '33.313488', '-82.662135', '-82.232493']",POINT (-82.40919495 32.88412857)
30034-14437158,2565,44879,145000,98,Decatur,2933 Port Royal Ln,30034,-84.28900909,33.70049286,2,3,1,0,SINGLE_FAMILY,Dekalb County,"['33.614666', '33.970866', '-84.350224', '-84.023713']",POINT (-84.28900909 33.70049286)
30032-14454360,2566,44879,375000,225,Decatur,2396 Lynn Iris Dr,30032,-84.29206085,33.73826981,3,3,0,0,SINGLE_FAMILY,Dekalb County,"['33.614666', '33.970866', '-84.350224', '-84.023713']",POINT (-84.29206085 33.73826981)
30032-14448719,2567,44879,369900,211,Decatur,2765 Wedgewood Ter,30032,-84.27713013,33.72867966,2,4,0,0,SINGLE_FAMILY,Dekalb County,"['33.614666', '33.970866', '-84.350224', '-84.023713']",POINT (-84.27713013 33.72867966)
30032-14459165,2568,44879,302999,267,Decatur,1731 Thomas Ter,30032,-84.25951385,33.74059677,2,3,1,0,SINGLE_FAMILY,Dekalb County,"['33.614666', '33.970866', '-84.350224', '-84.023713']",POINT (-84.25951385 33.74059677)
30294-70832006,2569,51882,29900,0,Ellenwood,3625 Talonega Trl,30294,-84.29386902,33.67311096,0,0,0,0,LOT,Dekalb County,"['33.614666', '33.970866', '-84.350224', '-84.023713']",POINT (-84.29386902 33.67311096)
30034-70838654,2570,44879,235000,133,Decatur,3063 Dogwood Ave,30034,-84.26603699,33.67483139,3,4,1,0,SINGLE_FAMILY,Dekalb County,"['33.614666', '33.970866', '-84.350224', '-84.023713']",POINT (-84.26603699 33.67483139)
30032-14458330,2571,44879,309900,205,Decatur,3426 Glenwood Rd,30032,-84.27803802,33.73878098,2,4,0,0,SINGLE_FAMILY,Dekalb County,"['33.614666', '33.970866', '-84.350224', '-84.023713']",POINT (-84.27803802 33.73878098)
30032-14443263,2572,44879,314999,162,Decatur,3509 Finesse Dr,30032,-84.24633789,33.72221375,2,3,1,0,SINGLE_FAMILY,Dekalb County,"['33.614666', '33.970866', '-84.350224', '-84.023713']",POINT (-84.24633789 33.72221375)
30034-14436913,2573,44879,350000,81,Decatur,3323 Flat Shoals Rd,30034,-84.27922058,33.7048378,3,8,0,0,SINGLE_FAMILY,Dekalb County,"['33.614666', '33.970866', '-84.350224', '-84.023713']",POINT (-84.27922058 33.7048378)
30034-14429193,2574,44879,229900,120,Decatur,3058 N Oak Ct,30034,-84.26412964,33.68218613,3,4,1,0,SINGLE_FAMILY,Dekalb County,"['33.614666', '33.970866', '-84.350224', '-84.023713']",POINT (-84.26412964 33.68218613)
30034-14431905,2575,44879,25000,0,Decatur,4212 Flat Shoals Pkwy,30034,-84.2525177,33.68810654,0,0,0,0,LOT,Dekalb County,"['33.614666', '33.970866', '-84.350224', '-84.023713']",POINT (-84.2525177 33.68810654)
30032-14448555,2576,44879,299900,221,Decatur,2769 Tilson Rd,30032,-84.28295898,33.72899628,2,3,0,0,SINGLE_FAMILY,Dekalb County,"['33.614666', '33.970866', '-84.350224', '-84.023713']",POINT (-84.28295898 33.72899628)
30034-14440689,2577,44879,249000,149,Decatur,3176 Marcello Ct,30034,-84.25959015,33.70742416,4,4,1,1,SINGLE_FAMILY,Dekalb County,"['33.614666', '33.970866', '-84.350224', '-84.023713']",POINT (-84.25959015 33.70742416)
30032-14453159,2578,44879,1800,0,Decatur,1841 Ridgeland Dr,30032,-84.26545715,33.73744965,2,3,0,0,SINGLE_FAMILY,Dekalb County,"['33.614666', '33.970866', '-84.350224', '-84.023713']",POINT (-84.26545715 33.73744965)
30034-14431901,2579,44879,210000,150,Decatur,4210 Flat Shoals Pkwy,30034,-84.25292206,33.6876564,2,3,1,0,SINGLE_FAMILY,Dekalb County,"['33.614666', '33.970866', '-84.350224', '-84.023713']",POINT (-84.25292206 33.6876564)
30034-2069677131,2580,44879,280000,178,Decatur,2863 Verna Ct #27,30034,-84.29376984,33.70321274,2,3,1,0,SINGLE_FAMILY,Dekalb County,"['33.614666', '33.970866', '-84.350224', '-84.023713']",POINT (-84.29376984 33.70321274)
30317-14457466,2581,37211,700000,337,Atlanta,2535 Glenwood Ave SE,30317,-84.30469513,33.73957825,3,3,0,0,SINGLE_FAMILY,Dekalb County,"['33.614666', '33.970866', '-84.350224', '-84.023713']",POINT (-84.30469513 33.73957825)
30032-14450284,2582,44879,345000,192,Decatur,3559 Troutdale Ct,30032,-84.24437714,33.72446442,2,4,0,0,SINGLE_FAMILY,Dekalb County,"['33.614666', '33.970866', '-84.350224', '-84.023713']",POINT (-84.24437714 33.72446442)
30032-14454658,2583,44879,340000,301,Decatur,2006 McAfee Pl,30032,-84.30173492,33.73239136,2,3,0,0,SINGLE_FAMILY,Dekalb County,"['33.614666', '33.970866', '-84.350224', '-84.023713']",POINT (-84.30173492 33.73239136)
30032-14444036,2584,44879,350000,217,Decatur,2982 Toney Dr,30032,-84.26808929,33.7225914,2,3,1,0,SINGLE_FAMILY,Dekalb County,"['33.614666', '33.970866', '-84.350224', '-84.023713']",POINT (-84.26808929 33.7225914)
30034-70837331,2585,44879,80000,0,Decatur,19103 Waldrop Cv,30034,-84.26390839,33.68419647,2,3,0,0,CONDO,Dekalb County,"['33.614666', '33.970866', '-84.350224', '-84.023713']",POINT (-84.26390839 33.68419647)
30034-70834794,2586,44879,140000,0,Decatur,2941 Vining Ridge Ter,30034,-84.25939178,33.69467926,3,2,0,0,TOWNHOUSE,Dekalb County,"['33.614666', '33.970866', '-84.350224', '-84.023713']",POINT (-84.25939178 33.69467926)
30032-14449586,2587,44879,400000,0,Decatur,2043 Columbia Dr,30032,-84.25265503,33.73026657,0,0,0,0,MULTI_FAMILY,Dekalb County,"['33.614666', '33.970866', '-84.350224', '-84.023713']",POINT (-84.25265503 33.73026657)
30034-2081578746,2588,44879,248000,207,Decatur,3045 Flat Shoals Rd,30034,-84.29076385,33.70525742,1,3,0,0,SINGLE_FAMILY,Dekalb County,"['33.614666', '33.970866', '-84.350224', '-84.023713']",POINT (-84.29076385 33.70525742)
30034-14440024,2589,44879,58000,0,Decatur,3048 Flat Shoals Rd,30034,-84.29071045,33.70598602,0,0,0,0,MULTI_FAMILY,Dekalb County,"['33.614666', '33.970866', '-84.350224', '-84.023713']",POINT (-84.29071045 33.70598602)
30605-69325229,3558,23534,250000,0,Athens,160 Pine Bark Ln,30605,-83.35420227,33.9151001,3,4,1,0,SINGLE_FAMILY,Clarke County,,POINT (-83.35420227 33.9151001)
30605-54382069,3559,23534,250000,160,Athens,111 Greenbrier Way,30605,-83.30873871,33.92205811,2,3,1,0,SINGLE_FAMILY,Clarke County,"['33.8480209', '34.039466', '-83.5374696', '-83.2408342']",POINT (-83.30873871 33.92205811)
30605-54380078,3560,23534,319900,105,Athens,190 Ravenwood Ct,30605,-83.32849884,33.93006134,2,3,1,0,SINGLE_FAMILY,Clarke County,"['33.8480209', '34.039466', '-83.5374696', '-83.2408342']",POINT (-83.32849884 33.93006134)
30605-54381987,3561,23534,319900,0,Athens,285 Lost Tree Trl,30605,-83.32050323,33.91726685,2,3,1,0,SINGLE_FAMILY,Clarke County,"['33.8480209', '34.039466', '-83.5374696', '-83.2408342']",POINT (-83.32050323 33.91726685)
30605-54382801,3562,23534,275000,148,Athens,108 Flatrock Ct,30605,-83.33948517,33.91144943,2,3,1,0,SINGLE_FAMILY,Clarke County,"['33.8480209', '34.039466', '-83.5374696', '-83.2408342']",POINT (-83.33948517 33.91144943)
30605-54382769,3563,23534,369000,118,Athens,224 Ashbrook Dr,30605,-83.33468628,33.91527176,4,3,1,0,SINGLE_FAMILY,Clarke County,"['33.8480209', '34.039466', '-83.5374696', '-83.2408342']",POINT (-83.33468628 33.91527176)
30605-69315649,3564,23534,299900,145,Athens,495 Crestwood Dr,30605,-83.33328247,33.90991211,2,3,1,0,SINGLE_FAMILY,Clarke County,"['33.8480209', '34.039466', '-83.5374696', '-83.2408342']",POINT (-83.33328247 33.90991211)
30605-2069676015,3565,23534,309990,0,Athens,425 Rivergrove Pkwy,30605,-83.34971619,33.89910507,3,3,1,0,SINGLE_FAMILY,Clarke County,"['33.8480209', '34.039466', '-83.5374696', '-83.2408342']",POINT (-83.34971619 33.89910507)
30605-2069708239,3566,23534,215000,121,Athens,128 Milford Dr #6,30605,-83.33906555,33.90379715,3,3,1,0,SINGLE_FAMILY,Clarke County,"['33.8480209', '34.039466', '-83.5374696', '-83.2408342']",POINT (-83.33906555 33.90379715)
30605-2069710143,3567,23534,139900,128,Athens,114 Barrington Dr APT 2,30605,-83.33320618,33.92838669,2,0,0,0,CONDO,Clarke County,"['33.8480209', '34.039466', '-83.5374696', '-83.2408342']",POINT (-83.33320618 33.92838669)
30605-54381717,3568,23534,379900,94,Athens,275 Sandstone Dr,30605,-83.31546783,33.92577744,4,4,1,0,SINGLE_FAMILY,Clarke County,"['33.8480209', '34.039466', '-83.5374696', '-83.2408342']",POINT (-83.31546783 33.92577744)
30605-54379941,3569,23534,299900,90,Athens,165 Torrey Pine Pl,30605,-83.33169556,33.93077087,3,4,0,0,SINGLE_FAMILY,Clarke County,"['33.8480209', '34.039466', '-83.5374696', '-83.2408342']",POINT (-83.33169556 33.93077087)
30605-54380522,3570,23534,199900,139,Athens,135 Oak Dr,30605,-83.31483459,33.93334198,2,4,0,0,SINGLE_FAMILY,Clarke County,"['33.8480209', '34.039466', '-83.5374696', '-83.2408342']",POINT (-83.31483459 33.93334198)
30605-54381972,3571,23534,229000,130,Athens,110 Honeytree Dr,30605,-83.31421661,33.91288376,2,3,1,0,SINGLE_FAMILY,Clarke County,"['33.8480209', '34.039466', '-83.5374696', '-83.2408342']",POINT (-83.31421661 33.91288376)
30605-69325411,3572,23534,350000,149,Athens,401 Falling Shoals Trl,30605,-83.3107605,33.89044571,3,4,1,0,SINGLE_FAMILY,Clarke County,"['33.8480209', '34.039466', '-83.5374696', '-83.2408342']",POINT (-83.3107605 33.89044571)
30605-69325364,3573,23534,204900,176,Athens,100 Ansonborough Ln SUITE 704,30605,-83.33852386,33.92805481,2,2,0,0,CONDO,Clarke County,"['33.8480209', '34.039466', '-83.5374696', '-83.2408342']",POINT (-83.33852386 33.92805481)
30605-54383241,3574,23534,269900,180,Athens,276 Oak Meadows Dr,30605,-83.31970215,33.900177,2,3,0,0,SINGLE_FAMILY,Clarke County,"['33.8480209', '34.039466', '-83.5374696', '-83.2408342']",POINT (-83.31970215 33.900177)
30605-54380023,3575,23534,289900,108,Athens,156 Civitan Club Dr,30605,-83.32649231,33.9338913,3,4,1,0,SINGLE_FAMILY,Clarke County,"['33.8480209', '34.039466', '-83.5374696', '-83.2408342']",POINT (-83.32649231 33.9338913)
30605-54384851,3576,23534,425000,107,Athens,445 Millstone Cir,30605,-83.29360962,33.89570236,5,5,1,0,SINGLE_FAMILY,Clarke County,"['33.8480209', '34.039466', '-83.5374696', '-83.2408342']",POINT (-83.29360962 33.89570236)
30683-2070099437,3577,7982,50000,0,Winterville,185 Loys Farm Rd,30683,-83.30071259,33.93135834,0,0,0,0,LOT,Clarke County,"['33.8480209', '34.039466', '-83.5374696', '-83.2408342']",POINT (-83.30071259 33.93135834)
30605-54383219,3578,23534,235000,146,Athens,335 Oak Meadows Dr,30605,-83.31689453,33.89922714,2,3,1,0,SINGLE_FAMILY,Clarke County,"['33.8480209', '34.039466', '-83.5374696', '-83.2408342']",POINT (-83.31689453 33.89922714)
30677-76583120,3579,55057,599000,106,Watkinsville,1391 Twin Oaks Trl,30677,-83.33492279,33.86909485,6,6,1,0,SINGLE_FAMILY,Oconee County,"['33.698307', '33.9657304', '-83.647031', '-83.2762105']",POINT (-83.33492279 33.86909485)
30605-97453283,3580,23534,284990,162,Athens,98 Highland Park Dr,30605,-83.32542419,33.91772842,3,4,1,0,SINGLE_FAMILY,Clarke County,,POINT (-83.32542419 33.91772842)
30677-76586682,3581,55057,1198500,168,Watkinsville,1401 Twin Oaks Trl,30677,-83.33641052,33.86962509,6,4,1,0,SINGLE_FAMILY,Oconee County,"['33.698307', '33.9657304', '-83.647031', '-83.2762105']",POINT (-83.33641052 33.86962509)
30605-114189930,3582,23534,320000,0,Athens,240 Red Fox Run,30605,-83.34796143,33.88624191,0,0,0,0,LOT,Clarke County,,POINT (-83.34796143 33.88624191)
31778-105173735,3608,53830,295000,0,Pavo,1541 Kennedy Hill Rd,31778,-83.62030792,30.94023132,2,3,1,0,SINGLE_FAMILY,Brooks County,"['30.637336', '31.0788386', '-83.7437633', '-83.3463263']",POINT (-83.62030792 30.94023132)
31778-2070770160,3609,53830,29900,0,Pavo,055ACR E McDonald St,31778,-83.74133301,30.95670319,0,0,0,0,LOT,Thomas County,"['30.6584255', '31.0780203', '-84.1192433', '-83.7360963']",POINT (-83.74133301 30.95670319)
30522-2088416743,5303,17417,359900,0,Cherry Log,65 Valley View Rd,30522,-84.4261322,34.85567856,2,2,0,0,SINGLE_FAMILY,Fannin County,"['34.602982', '34.988494', '-84.6229212', '-84.0929934']",POINT (-84.4261322 34.85567856)
30522-105259559,5304,17417,1299900,0,Cherry Log,167 Whispering Pine Ln,30522,-84.40570068,34.78519058,6,4,1,0,SINGLE_FAMILY,Gilmer County,"['34.548298', '34.8554457', '-84.657593', '-84.194771']",POINT (-84.40570068 34.78519058)
30522-228811499,5305,23748,599999,385,Cherry Log,165 All Good Rd,30522,-84.41817474,34.85447693,2,4,0,0,SINGLE_FAMILY,Fannin County,"['34.602982', '34.988494', '-84.6229212', '-84.0929934']",POINT (-84.41817474 34.85447693)
30522-2069595701,5306,23748,799900,0,Cherry Log,2780 Stanley Creek Rd,30522,-84.29852295,34.78578568,4,4,0,0,SINGLE_FAMILY,Fannin County,"['34.602982', '34.988494', '-84.6229212', '-84.0929934']",POINT (-84.29852295 34.78578568)
30522-2090487737,5307,17417,114900,0,Cherry Log,38 River Rd,30522,-84.41030121,34.78573608,0,0,0,0,LOT,Gilmer County,"['34.548298', '34.8554457', '-84.657593', '-84.194771']",POINT (-84.41030121 34.78573608)
30522-2078496913,5308,17417,16500,0,Cherry Log,0 Hidden Lake Ln LOT 38,30522,-84.38118744,34.78662872,0,0,0,0,LOT,Gilmer County,"['34.548298', '34.8554457', '-84.657593', '-84.194771']",POINT (-84.38118744 34.78662872)
30522-2070476379,5309,23748,599000,440,Cherry Log,279 Martin Xing #J,30522,-84.41885376,34.85851669,2,2,0,0,SINGLE_FAMILY,Fannin County,"['34.602982', '34.988494', '-84.6229212', '-84.0929934']",POINT (-84.41885376 34.85851669)
30522-241889331,5310,17417,799900,290,Cherry Log,2809 Black Ankle Creek Rd,30522,-84.2590332,34.74237823,3,1,1,0,SINGLE_FAMILY,Fannin County,"['34.602982', '34.988494', '-84.6229212', '-84.0929934']",POINT (-84.2590332 34.74237823)
30522-2076026137,5311,17417,29000,0,Cherry Log,0 Cherry Log Trl,30522,-84.39260101,34.78087616,0,0,0,0,LOT,Gilmer County,"['34.548298', '34.8554457', '-84.657593', '-84.194771']",POINT (-84.39260101 34.78087616)
30522-2093480664,5312,23748,575000,575,Cherry Log,942 Granny Branch Drive,30522,-84.38457489,34.81419373,2,2,0,1,SINGLE_FAMILY,Gilmer County,"['34.548298', '34.8554457', '-84.657593', '-84.194771']",POINT (-84.38457489 34.81419373)
30522-2124033936,5313,17417,750000,0,Cherry Log,Goose Island Rd,30522,-84.40891266,34.78778839,0,0,0,0,LOT,Gilmer County,"['34.548298', '34.8554457', '-84.657593', '-84.194771']",POINT (-84.40891266 34.78778839)
30522-110791536,5314,23748,779900,195,Cherry Log,1630 Black Ankle Creek Rd,30522,-84.24976349,34.74103928,3,4,1,0,SINGLE_FAMILY,Fannin County,"['34.602982', '34.988494', '-84.6229212', '-84.0929934']",POINT (-84.24976349 34.74103928)
30522-2072238538,5315,17417,1000000,0,Cherry Log,3012 Rock Creek Rd,30522,-84.30575562,34.78792953,1,2,1,0,SINGLE_FAMILY,Gilmer County,"['34.548298', '34.8554457', '-84.657593', '-84.194771']",POINT (-84.30575562 34.78792953)
30522-105259691,5316,17417,169800,212,Cherry Log,143 Cherry Log Ave,30522,-84.39053345,34.78277588,1,2,0,0,SINGLE_FAMILY,Gilmer County,"['34.548298', '34.8554457', '-84.657593', '-84.194771']",POINT (-84.39053345 34.78277588)
30522-2073059122,5317,23748,64900,0,Cherry Log,LOT 260 Little Bushy Head Rd,30522,-84.38070679,34.82716751,0,0,0,0,LOT,Gilmer County,"['34.548298', '34.8554457', '-84.657593', '-84.194771']",POINT (-84.38070679 34.82716751)
30522-241890232,5318,23748,1450000,453,Cherry Log,230 Wolf Branch Trl,30522,-84.29831696,34.78812408,4,5,1,0,SINGLE_FAMILY,Fannin County,"['34.602982', '34.988494', '-84.6229212', '-84.0929934']",POINT (-84.29831696 34.78812408)
30522-228843331,5319,23748,1850000,408,Cherry Log,62 Old Covered Bridge Ln,30522,-84.27619171,34.74531937,3,4,1,0,SINGLE_FAMILY,Gilmer County,"['34.548298', '34.8554457', '-84.657593', '-84.194771']",POINT (-84.27619171 34.74531937)
30522-2078508368,5320,17417,16500,0,Cherry Log,38 Hidden Lake Cir,30522,-84.37902069,34.78320313,0,0,0,0,LOT,Gilmer County,"['34.548298', '34.8554457', '-84.657593', '-84.194771']",POINT (-84.37902069 34.78320313)
30522-96828787,5321,17417,899000,288,Cherry Log,328 Black Ankle Creek Rd,30522,-84.23206329,34.74686813,4,3,1,0,SINGLE_FAMILY,Fannin County,"['34.602982', '34.988494', '-84.6229212', '-84.0929934']",POINT (-84.23206329 34.74686813)
30340-90168340,6548,0,395000,175,Doraville,7054 Elmwood Ridge Ct,30340,-84.25498962,33.91725159,4,3,1,0,TOWNHOUSE,Gwinnett County,"['33.752808', '34.167873', '-84.277093', '-83.799104']",POINT (-84.25498962 33.91725159)
30340-14571112,6549,0,535000,221,Atlanta,3356 Thornewood Dr,30340,-84.24781799,33.8887825,3,5,0,0,SINGLE_FAMILY,Dekalb County,"['33.614666', '33.970866', '-84.350224', '-84.023713']",POINT (-84.24781799 33.8887825)
30340-14578914,6550,17797,439900,116,Atlanta,3212 Moss Oak Dr,30340,-84.25608826,33.91205597,4,8,0,0,SINGLE_FAMILY,Dekalb County,"['33.614666', '33.970866', '-84.350224', '-84.023713']",POINT (-84.25608826 33.91205597)
30340-14571764,6551,17797,440000,202,Doraville,2690 Addison Dr,30340,-84.27865601,33.88922119,3,4,0,0,SINGLE_FAMILY,Dekalb County,"['33.614666', '33.970866', '-84.350224', '-84.023713']",POINT (-84.27865601 33.88922119)
30340-14571070,6552,0,349000,0,Doraville,3480 Thornewood Dr,30340,-84.24953461,33.89228058,4,4,1,0,SINGLE_FAMILY,Dekalb County,"['33.614666', '33.970866', '-84.350224', '-84.023713']",POINT (-84.24953461 33.89228058)
30340-79993122,6553,0,300000,210,Doraville,2924 Ashlyn Pointe Dr,30340,-84.26849365,33.90313721,3,3,1,0,CONDO,Dekalb County,"['33.614666', '33.970866', '-84.350224', '-84.023713']",POINT (-84.26849365 33.90313721)
30340-14783586,6554,0,249000,221,Doraville,4685 Ash St,30340,-84.23195648,33.92315674,2,3,0,0,SINGLE_FAMILY,Gwinnett County,"['33.752808', '34.167873', '-84.277093', '-83.799104']",POINT (-84.23195648 33.92315674)
30340-79988250,6555,17797,449900,173,Doraville,3324 Chestnut Woods Cir,30340,-84.27301025,33.88716888,4,4,1,0,TOWNHOUSE,Dekalb County,"['33.614666', '33.970866', '-84.350224', '-84.023713']",POINT (-84.27301025 33.88716888)
30340-14570292,6556,0,215000,153,Atlanta,3413 Bayshore Dr,30340,-84.22554779,33.89036942,3,2,0,0,SINGLE_FAMILY,Dekalb County,"['33.614666', '33.970866', '-84.350224', '-84.023713']",POINT (-84.22554779 33.89036942)
30340-14575135,6557,0,446900,213,Atlanta,3797 Carole Dr,30340,-84.26347351,33.90319061,3,3,0,0,SINGLE_FAMILY,Dekalb County,"['33.614666', '33.970866', '-84.350224', '-84.023713']",POINT (-84.26347351 33.90319061)
30340-14571453,6558,0,445000,171,Atlanta,3379 Arbor Ridge Ct,30340,-84.25291443,33.88924026,3,4,1,0,SINGLE_FAMILY,Dekalb County,"['33.614666', '33.970866', '-84.350224', '-84.023713']",POINT (-84.25291443 33.88924026)
30340-14569066,6559,0,415000,196,Atlanta,3194 Henderson Walk,30340,-84.23899841,33.88276672,3,3,1,0,SINGLE_FAMILY,Dekalb County,"['33.614666', '33.970866', '-84.350224', '-84.023713']",POINT (-84.23899841 33.88276672)
30340-2069930694,6560,41298,165000,143,Atlanta,3364 Spring Harbour Dr #3364,30340,-84.22623444,33.8890152,2,2,0,0,TOWNHOUSE,Dekalb County,"['33.614666', '33.970866', '-84.350224', '-84.023713']",POINT (-84.22623444 33.8890152)
30340-2069966514,6561,0,84700,0,Atlanta,5907 Hillside Dr NW,30340,-84.23462677,33.92604446,0,0,0,0,LOT,Gwinnett County,"['33.752808', '34.167873', '-84.277093', '-83.799104']",POINT (-84.23462677 33.92604446)
30340-305280143,6562,0,325000,187,Atlanta,2456 Norwood Park Xing,30340,-84.25489807,33.91612244,3,2,1,0,TOWNHOUSE,Gwinnett County,"['33.752808', '34.167873', '-84.277093', '-83.799104']",POINT (-84.25489807 33.91612244)
30340-14574913,6563,17797,296000,211,Atlanta,4010 English Oak Dr,30340,-84.2513504,33.91013336,2,3,0,0,SINGLE_FAMILY,Dekalb County,"['33.614666', '33.970866', '-84.350224', '-84.023713']",POINT (-84.2513504 33.91013336)
30340-14564390,6564,0,695000,165,Atlanta,2796 Whitby Dr,30340,-84.23418427,33.8696785,4,7,1,0,SINGLE_FAMILY,Dekalb County,"['33.614666', '33.970866', '-84.350224', '-84.023713']",POINT (-84.23418427 33.8696785)
30340-14569166,6565,0,470000,220,Atlanta,3624 Henley Park Ct,30340,-84.24015045,33.88520813,3,3,1,0,SINGLE_FAMILY,Dekalb County,"['33.614666', '33.970866', '-84.350224', '-84.023713']",POINT (-84.24015045 33.88520813)
30340-14578903,6566,17797,319000,213,Atlanta,4188 English Oak Dr,30340,-84.25676727,33.9141655,2,4,1,0,SINGLE_FAMILY,Dekalb County,"['33.614666', '33.970866', '-84.350224', '-84.023713']",POINT (-84.25676727 33.9141655)
30340-14569381,6567,0,375000,198,Atlanta,3109 Henderson Walk,30340,-84.23845673,33.88425827,3,3,1,0,SINGLE_FAMILY,Dekalb County,"['33.614666', '33.970866', '-84.350224', '-84.023713']",POINT (-84.23845673 33.88425827)
30340-14573974,6568,17797,450000,369,Atlanta,2650 Buena Vista Ave,30340,-84.27934265,33.89775848,6,7,0,0,SINGLE_FAMILY,Dekalb County,"['33.614666', '33.970866', '-84.350224', '-84.023713']",POINT (-84.27934265 33.89775848)
30340-37774237,6569,0,450000,185,Atlanta,3979 Kendall Cv,30340,-84.23032379,33.87950134,3,4,1,0,SINGLE_FAMILY,Dekalb County,"['33.614666', '33.970866', '-84.350224', '-84.023713']",POINT (-84.23032379 33.87950134)
30340-37774258,6570,0,445000,237,Atlanta,3992 Evans Rd,30340,-84.23036194,33.88024139,3,3,1,0,SINGLE_FAMILY,Dekalb County,"['33.614666', '33.970866', '-84.350224', '-84.023713']",POINT (-84.23036194 33.88024139)
30340-14564136,6571,0,495000,174,Doraville,2918 Northbrook Dr,30340,-84.23719025,33.87315369,4,4,1,0,SINGLE_FAMILY,Dekalb County,"['33.614666', '33.970866', '-84.350224', '-84.023713']",POINT (-84.23719025 33.87315369)
30340-14574964,6572,17797,348000,242,Doraville,3958 English Oak Dr,30340,-84.25118256,33.90844345,3,3,1,0,SINGLE_FAMILY,Dekalb County,"['33.614666', '33.970866', '-84.350224', '-84.023713']",POINT (-84.25118256 33.90844345)
31005-58488660,7115,30522,77000,60,Bonaire,320 Chadwyck Cir,31005,-83.64520264,32.57006073,2,3,0,0,SINGLE_FAMILY,Houston County,"['32.28287', '32.692169', '-83.856851', '-83.482459']",POINT (-83.64520264 32.57006073)
31005-103547363,7116,30522,24900,0,Bonaire,326 Wilsons Creek Bnd,31005,-83.61151886,32.55864716,0,0,0,0,LOT,Houston County,"['32.28287', '32.692169', '-83.856851', '-83.482459']",POINT (-83.61151886 32.55864716)
31005-102959244,7117,30522,315000,127,Bonaire,201 Wilsons Creek Bnd,31005,-83.60831451,32.55646896,3,5,1,0,SINGLE_FAMILY,Houston County,"['32.28287', '32.692169', '-83.856851', '-83.482459']",POINT (-83.60831451 32.55646896)
31005-60187017,7118,30522,347900,124,Bonaire,120 Gardenia Way,31005,-83.56932068,32.52516556,3,4,1,1,SINGLE_FAMILY,Houston County,"['32.28287', '32.692169', '-83.856851', '-83.482459']",POINT (-83.56932068 32.52516556)
31005-2069644237,7119,30522,189900,102,Bonaire,108 Saturn Ct #24,31005,-83.65542603,32.55897903,2,3,1,0,SINGLE_FAMILY,Houston County,"['32.28287', '32.692169', '-83.856851', '-83.482459']",POINT (-83.65542603 32.55897903)
31005-49879210,7120,30522,189900,102,Bonaire,108 Saturn Ct,31005,-83.65542603,32.55897903,2,3,1,0,SINGLE_FAMILY,Houston County,"['32.28287', '32.692169', '-83.856851', '-83.482459']",POINT (-83.65542603 32.55897903)
31005-103564334,7121,30522,269900,112,Bonaire,210 Charlotte Dr,31005,-83.61756134,32.54538345,3,4,1,0,SINGLE_FAMILY,Houston County,"['32.28287', '32.692169', '-83.856851', '-83.482459']",POINT (-83.61756134 32.54538345)
31005-64979990,7122,30522,179900,110,Bonaire,109 Langdon Ct,31005,-83.64531708,32.56673431,2,3,1,0,SINGLE_FAMILY,Houston County,"['32.28287', '32.692169', '-83.856851', '-83.482459']",POINT (-83.64531708 32.56673431)
31005-103586637,7123,30522,35000,0,Bonaire,216 Morgan Ranch Cir,31005,-83.60792542,32.53325272,0,0,0,0,LOT,Houston County,"['32.28287', '32.692169', '-83.856851', '-83.482459']",POINT (-83.60792542 32.53325272)
31005-103571610,7124,30522,35000,0,Bonaire,214 Morgan Ranch Cir,31005,-83.60781097,32.53300476,0,0,0,0,LOT,Houston County,"['32.28287', '32.692169', '-83.856851', '-83.482459']",POINT (-83.60781097 32.53300476)
31005-252386478,7125,25355,424000,140,Bonaire,208 Rustic Live Oak Trl,31005,-83.60948944,32.52751923,3,3,1,1,SINGLE_FAMILY,Houston County,"['32.28287', '32.692169', '-83.856851', '-83.482459']",POINT (-83.60948944 32.52751923)
31005-2069706008,7126,30522,232900,142,Bonaire,509 Edgarton Way,31005,-83.59243774,32.56277084,2,3,1,0,SINGLE_FAMILY,Houston County,"['32.28287', '32.692169', '-83.856851', '-83.482459']",POINT (-83.59243774 32.56277084)
31005-80441532,7127,30522,360000,121,Bonaire,106 Stratford Hills Dr,31005,-83.5848999,32.54216766,3,4,1,1,SINGLE_FAMILY,Houston County,"['32.28287', '32.692169', '-83.856851', '-83.482459']",POINT (-83.5848999 32.54216766)
31005-49858599,7128,30522,194900,157,Bonaire,2932 Moody Rd,31005,-83.62401581,32.5583725,3,4,0,0,SINGLE_FAMILY,Houston County,"['32.28287', '32.692169', '-83.856851', '-83.482459']",POINT (-83.62401581 32.5583725)
31005-49859179,7129,30522,335000,131,Bonaire,3212 Moody Rd,31005,-83.62504578,32.53928375,3,4,1,0,SINGLE_FAMILY,Houston County,"['32.28287', '32.692169', '-83.856851', '-83.482459']",POINT (-83.62504578 32.53928375)
31005-49879758,7130,30522,210000,106,Bonaire,104 Blarney Stone Ct,31005,-83.64413452,32.54741669,2,3,0,0,SINGLE_FAMILY,Houston County,"['32.28287', '32.692169', '-83.856851', '-83.482459']",POINT (-83.64413452 32.54741669)
31005-49863039,7131,30522,220000,103,Bonaire,316 Greenview Ct,31005,-83.56247711,32.5367012,2,3,0,0,SINGLE_FAMILY,Houston County,"['32.28287', '32.692169', '-83.856851', '-83.482459']",POINT (-83.56247711 32.5367012)
31005-246038074,7132,30522,70000,0,Bonaire,500 Carson Ct,31005,-83.56182098,32.51939011,0,0,0,0,LOT,Houston County,"['32.28287', '32.692169', '-83.856851', '-83.482459']",POINT (-83.56182098 32.51939011)
31005-49861887,7133,30522,145000,0,Bonaire,100 2nd Ave,31005,-83.6136322,32.54283142,0,0,0,0,LOT,Houston County,"['32.28287', '32.692169', '-83.856851', '-83.482459']",POINT (-83.6136322 32.54283142)
31005-49858762,7134,30522,287500,95,Bonaire,105 Julee Emilyn Dr,31005,-83.61585999,32.56183243,2,3,1,0,SINGLE_FAMILY,Houston County,"['32.28287', '32.692169', '-83.856851', '-83.482459']",POINT (-83.61585999 32.56183243)
31005-103570998,7135,30522,75000,0,Bonaire,404 Spiceberry Ct,31005,-83.59083557,32.5336647,0,0,0,0,LOT,Houston County,"['32.28287', '32.692169', '-83.856851', '-83.482459']",POINT (-83.59083557 32.5336647)
31005-49878671,7136,30522,94000,76,Bonaire,638 Maplewood Dr,31005,-83.64638519,32.57370377,2,2,0,0,SINGLE_FAMILY,Houston County,"['32.28287', '32.692169', '-83.856851', '-83.482459']",POINT (-83.64638519 32.57370377)
31005-103519737,7137,27768,25000,0,Bonaire,505 Lattice Bnd,31005,-83.65525055,32.56687164,0,0,0,0,LOT,Houston County,"['32.28287', '32.692169', '-83.856851', '-83.482459']",POINT (-83.65525055 32.56687164)
31005-103531872,7138,27768,23000,0,Bonaire,401 Lattice Bnd,31005,-83.65457153,32.56625366,0,0,0,0,LOT,Houston County,"['32.28287', '32.692169', '-83.856851', '-83.482459']",POINT (-83.65457153 32.56625366)
31005-68116064,7139,30522,489900,118,Bonaire,123 Glenda Dr,31005,-83.56955719,32.52352905,4,5,1,1,SINGLE_FAMILY,Houston County,"['32.28287', '32.692169', '-83.856851', '-83.482459']",POINT (-83.56955719 32.52352905)
30071-14778363,7289,53588,369900,0,Norcross,5421 Goodwick Way,30071,-84.19192505,33.93093109,0,0,0,0,MULTI_FAMILY,Gwinnett County,"['33.752808', '34.167873', '-84.277093', '-83.799104']",POINT (-84.19192505 33.93093109)
30071-14778942,7290,53588,275000,146,Norcross,5392 Goodwick Way,30071,-84.19029236,33.9310379,2,3,0,0,SINGLE_FAMILY,Gwinnett County,"['33.752808', '34.167873', '-84.277093', '-83.799104']",POINT (-84.19029236 33.9310379)
30093-14774192,7291,53588,330000,0,Norcross,5715 Singleton Rd,30093,-84.1879425,33.90868378,0,0,0,0,MULTI_FAMILY,Gwinnett County,"['33.752808', '34.167873', '-84.277093', '-83.799104']",POINT (-84.1879425 33.90868378)
30093-14776465,7292,53588,380000,0,Norcross,1555 Pirkle Rd,30093,-84.1914978,33.91142273,0,0,0,0,MULTI_FAMILY,Gwinnett County,"['33.752808', '34.167873', '-84.277093', '-83.799104']",POINT (-84.1914978 33.91142273)
30092-14793007,7293,42728,350000,179,Norcross,3698 Creekstone Dr,30092,-84.23639679,33.965271,2,3,1,0,SINGLE_FAMILY,Gwinnett County,"['33.752808', '34.167873', '-84.277093', '-83.799104']",POINT (-84.23639679 33.965271)
30092-14788815,7294,42728,285000,168,Peachtree Corners,6245 Windsor Trace Dr,30092,-84.23936462,33.95994186,3,2,1,0,CONDO,Gwinnett County,"['33.752808', '34.167873', '-84.277093', '-83.799104']",POINT (-84.23936462 33.95994186)
30096-14782849,7295,51757,395000,129,Duluth,4883 Duncan Wood Dr,30096,-84.18058014,33.94843674,4,5,1,1,SINGLE_FAMILY,Gwinnett County,"['33.752808', '34.167873', '-84.277093', '-83.799104']",POINT (-84.18058014 33.94843674)
30092-2078814182,7296,42728,389900,144,Peachtree Corners,6067 Cameron Trl,30092,-84.23705292,33.95594025,4,4,1,0,TOWNHOUSE,Gwinnett County,"['33.752808', '34.167873', '-84.277093', '-83.799104']",POINT (-84.23705292 33.95594025)
30092-2069652569,7297,42728,389900,144,Peachtree Corners,6067 Cameron Pointe,30092,-84.23679352,33.954319,4,4,1,0,TOWNHOUSE,Gwinnett County,"['33.752808', '34.167873', '-84.277093', '-83.799104']",POINT (-84.23679352 33.954319)
30096-87942745,7298,51757,400000,178,Duluth,5143 Micaela Way,30096,-84.18865204,33.94927597,3,3,1,0,SINGLE_FAMILY,Gwinnett County,"['33.752808', '34.167873', '-84.277093', '-83.799104']",POINT (-84.18865204 33.94927597)
30096-14782476,7299,51757,219900,184,Duluth,2610 Centennial Ct,30096,-84.17302704,33.95770264,2,3,1,0,SINGLE_FAMILY,Gwinnett County,"['33.752808', '34.167873', '-84.277093', '-83.799104']",POINT (-84.17302704 33.95770264)
30093-14776437,7300,53588,325000,0,Norcross,5801 Kay Dr,30093,-84.19278717,33.91049194,0,0,0,0,MULTI_FAMILY,Gwinnett County,"['33.752808', '34.167873', '-84.277093', '-83.799104']",POINT (-84.19278717 33.91049194)
30071-2069662898,7301,53588,199900,165,Norcross,122 Summer Pl,30071,-84.20684052,33.94135666,3,2,0,0,TOWNHOUSE,Gwinnett County,"['33.752808', '34.167873', '-84.277093', '-83.799104']",POINT (-84.20684052 33.94135666)
30071-14777343,7302,53588,293000,284,Norcross,5462 Station Cir,30071,-84.19199371,33.92742157,3,4,0,0,SINGLE_FAMILY,Gwinnett County,"['33.752808', '34.167873', '-84.277093', '-83.799104']",POINT (-84.19199371 33.92742157)
30092-55040026,7303,42728,500000,158,Norcross,3380 Highcroft Cir,30092,-84.20222473,33.97018433,4,4,1,0,SINGLE_FAMILY,Gwinnett County,"['33.752808', '34.167873', '-84.277093', '-83.799104']",POINT (-84.20222473 33.97018433)
30071-2069666594,7304,53588,415000,242,Norcross,655 Holcomb Bridge Rd,30071,-84.22421265,33.94498825,3,3,1,0,SINGLE_FAMILY,Gwinnett County,"['33.752808', '34.167873', '-84.277093', '-83.799104']",POINT (-84.22421265 33.94498825)
30071-14783011,7305,53588,290000,156,Norcross,4978 Lewis Ct,30071,-84.18398285,33.94623566,4,3,0,0,SINGLE_FAMILY,Gwinnett County,"['33.752808', '34.167873', '-84.277093', '-83.799104']",POINT (-84.18398285 33.94623566)
30092-2070146444,7306,42728,369900,166,Peachtree Corners,3241 Greenwood Oak Dr,30092,-84.22241974,33.95914078,4,3,1,0,TOWNHOUSE,Gwinnett County,"['33.752808', '34.167873', '-84.277093', '-83.799104']",POINT (-84.22241974 33.95914078)
30092-14789597,7307,42728,500000,132,Norcross,4685 Avocet Dr,30092,-84.19391632,33.97492981,4,5,1,0,SINGLE_FAMILY,Gwinnett County,"['33.752808', '34.167873', '-84.277093', '-83.799104']",POINT (-84.19391632 33.97492981)
30092-2069676019,7308,53588,235000,181,Peachtree Corners,3272 Hidden Cove Cir,30092,-84.23912811,33.94403839,3,2,0,0,TOWNHOUSE,Gwinnett County,"['33.752808', '34.167873', '-84.277093', '-83.799104']",POINT (-84.23912811 33.94403839)
30071-2071238224,7309,53588,300000,143,Norcross,2868 Langford Commons Dr,30071,-84.20373535,33.95308685,4,4,1,0,TOWNHOUSE,Gwinnett County,"['33.752808', '34.167873', '-84.277093', '-83.799104']",POINT (-84.20373535 33.95308685)
30092-305285633,7310,42728,510000,211,Peachtree Corners,5741 Terrace Bend Way,30092,-84.23297882,33.96212769,4,4,1,0,TOWNHOUSE,Gwinnett County,"['33.752808', '34.167873', '-84.277093', '-83.799104']",POINT (-84.23297882 33.96212769)
30071-2069710884,7311,53588,269500,0,Norcross,5998 Lanier Blvd,30071,-84.20809937,33.92134094,0,0,0,0,MULTI_FAMILY,Gwinnett County,"['33.752808', '34.167873', '-84.277093', '-83.799104']",POINT (-84.20809937 33.92134094)
30093-80141784,7312,53588,275000,117,Norcross,5923 Brookside Oak Cir,30093,-84.19828796,33.90884781,3,2,1,1,TOWNHOUSE,Gwinnett County,"['33.752808', '34.167873', '-84.277093', '-83.799104']",POINT (-84.19828796 33.90884781)
31829-76534044,7949,0,249900,140,Upatoi,13617 Roanoke Dr,31829,-84.74153137,32.55130005,2,3,1,0,SINGLE_FAMILY,Muscogee County,"['32.373876', '32.6081231', '-85.079207', '-84.667463']",POINT (-84.74153137 32.55130005)
31829-2077185199,7950,0,378500,112,Upatoi,8724-12 McKee Rd,31829,-84.73052216,32.57725525,4,4,1,0,SINGLE_FAMILY,Muscogee County,"['32.373876', '32.6081231', '-85.079207', '-84.667463']",POINT (-84.73052216 32.57725525)
31829-331226612,7951,0,363290,134,Upatoi,7798 McKee Rd,31829,-84.72793579,32.56184387,3,4,1,0,SINGLE_FAMILY,Muscogee County,"['32.373876', '32.6081231', '-85.079207', '-84.667463']",POINT (-84.72793579 32.56184387)
31829-76534351,7952,0,55000,0,Upatoi,7023 Kendall Creek Dr,31829,-84.72718048,32.56892014,0,0,0,0,LOT,Muscogee County,"['32.373876', '32.6081231', '-85.079207', '-84.667463']",POINT (-84.72718048 32.56892014)
31829-76533808,7953,0,65000,0,Upatoi,7015 Kendall Creek Dr,31829,-84.72846222,32.56909943,0,0,0,0,LOT,Muscogee County,"['32.373876', '32.6081231', '-85.079207', '-84.667463']",POINT (-84.72846222 32.56909943)
31829-2083832460,7954,22818,149900,0,Upatoi,12 Crestline Dr,31829,-84.74353027,32.5918541,0,0,0,0,LOT,Harris County,"['32.583129', '32.872496', '-85.1842325', '-84.682876']",POINT (-84.74353027 32.5918541)
31829-2071493761,7955,0,5200000,0,Upatoi,8500-8900 Fulton Rd,31829,-84.75544739,32.56193542,0,0,0,0,LOT,Muscogee County,"['32.373876', '32.6081231', '-85.079207', '-84.667463']",POINT (-84.75544739 32.56193542)
31829-76534349,7956,0,60000,0,Upatoi,7019 Kendall Creek Dr,31829,-84.72782135,32.56910324,0,0,0,0,LOT,Muscogee County,"['32.373876', '32.6081231', '-85.079207', '-84.667463']",POINT (-84.72782135 32.56910324)
31829-76534368,7957,0,4900000,777,Upatoi,12001 Layfield Rd,31829,-84.70748138,32.57552338,7,5,1,1,SINGLE_FAMILY,Muscogee County,"['32.373876', '32.6081231', '-85.079207', '-84.667463']",POINT (-84.70748138 32.57552338)
31028-68130731,8488,17361,159900,105,Centerville,110 Vanessa Dr,31028,-83.68179321,32.62695694,2,3,1,0,SINGLE_FAMILY,Houston County,"['32.28287', '32.692169', '-83.856851', '-83.482459']",POINT (-83.68179321 32.62695694)
31028-49863484,8489,17361,20000,0,Centerville,214 Thomson St,31028,-83.6931076,32.63507843,0,0,0,0,LOT,Houston County,"['32.28287', '32.692169', '-83.856851', '-83.482459']",POINT (-83.6931076 32.63507843)
31028-49863652,8490,17361,20000,0,Centerville,214 E Thomson Dr,31028,-83.68460083,32.63384628,0,0,0,0,LOT,Houston County,"['32.28287', '32.692169', '-83.856851', '-83.482459']",POINT (-83.68460083 32.63384628)
31028-49864366,8491,17361,18000,0,Centerville,400 Woodhaven Rd,31028,-83.66817474,32.63881683,0,0,0,0,LOT,Houston County,"['32.28287', '32.692169', '-83.856851', '-83.482459']",POINT (-83.66817474 32.63881683)
31028-49864545,8492,17361,80000,0,Centerville,114 Willow Gln,31028,-83.66676331,32.63588715,0,0,0,0,LOT,Houston County,"['32.28287', '32.692169', '-83.856851', '-83.482459']",POINT (-83.66676331 32.63588715)
31028-2075620794,8493,17361,17000,0,Centerville,103 Redbud Glen Ct,31028,-83.66657257,32.64322281,0,0,0,0,LOT,Houston County,"['32.28287', '32.692169', '-83.856851', '-83.482459']",POINT (-83.66657257 32.64322281)
31028-49864514,8494,17361,17000,0,Centerville,303 Dogwood Glen Dr,31028,-83.66835785,32.64224243,0,0,0,0,LOT,Houston County,"['32.28287', '32.692169', '-83.856851', '-83.482459']",POINT (-83.66835785 32.64224243)
31028-49864442,8495,17361,17000,0,Centerville,312 Hickory Gln,31028,-83.67150116,32.64308548,0,0,0,0,LOT,Houston County,"['32.28287', '32.692169', '-83.856851', '-83.482459']",POINT (-83.67150116 32.64308548)
31028-2075621434,8496,17361,17000,0,Centerville,101 Redbud Glen Ct,31028,-83.66692352,32.64337158,0,0,0,0,LOT,Houston County,"['32.28287', '32.692169', '-83.856851', '-83.482459']",POINT (-83.66692352 32.64337158)
31028-49864469,8497,17361,17000,0,Centerville,108 Red Oak Gln,31028,-83.67038727,32.64336395,0,0,0,0,LOT,Houston County,"['32.28287', '32.692169', '-83.856851', '-83.482459']",POINT (-83.67038727 32.64336395)
31028-49864441,8498,17361,17000,0,Centerville,314 Hickory Gln,31028,-83.67136383,32.6428299,0,0,0,0,LOT,Houston County,"['32.28287', '32.692169', '-83.856851', '-83.482459']",POINT (-83.67136383 32.6428299)
31028-2071136425,8499,17361,20000,0,Centerville,17-19 Collins Ave,31028,-83.67996216,32.63259888,0,0,0,0,LOT,Houston County,"['32.28287', '32.692169', '-83.856851', '-83.482459']",POINT (-83.67996216 32.63259888)
30230-70032612,8900,55772,60000,48,Hogansville,215 Poplar St,30230,-84.91681671,33.16799164,1,3,0,0,SINGLE_FAMILY,Troup County,"['32.868617', '33.224693', '-85.2365089', '-84.86147']",POINT (-84.91681671 33.16799164)
30230-70034089,8901,0,399000,106,Hogansville,4642 New Franklin Rd,30230,-85.03769684,33.16423035,4,3,1,0,SINGLE_FAMILY,Troup County,"['32.868617', '33.224693', '-85.2365089', '-84.86147']",POINT (-85.03769684 33.16423035)
30230-2069801202,8902,55772,25000,0,Hogansville,118 Collier St,30230,-84.90290833,33.17157364,0,0,0,0,LOT,Troup County,"['32.868617', '33.224693', '-85.2365089', '-84.86147']",POINT (-84.90290833 33.17157364)
30230-70021558,8903,55772,40700,31,Hogansville,507 Askew Ave,30230,-84.90496826,33.17910385,1,2,0,0,SINGLE_FAMILY,Troup County,"['32.868617', '33.224693', '-85.2365089', '-84.86147']",POINT (-84.90496826 33.17910385)
30230-2069833142,8904,0,374900,121,Hogansville,4410 Keith Rd #4,30230,-84.85494232,33.09878922,3,4,1,0,SINGLE_FAMILY,Meriwether County,"['32.84464', '33.231493', '-84.864633', '-84.490539']",POINT (-84.85494232 33.09878922)
30230-70033170,8905,55772,10200,0,Hogansville,228 Boozer St,30230,-84.91816711,33.16776657,0,0,0,0,LOT,Troup County,"['32.868617', '33.224693', '-85.2365089', '-84.86147']",POINT (-84.91816711 33.16776657)
30230-2098257594,8906,0,52300,0,Hogansville,0 Sunny Brook Dr,30230,-84.98099518,33.15240097,0,0,0,0,LOT,Troup County,"['32.868617', '33.224693', '-85.2365089', '-84.86147']",POINT (-84.98099518 33.15240097)
30230-2070183404,8907,55925,47000,0,Hogansville,0 Ellis Rd #1,30230,-84.76554108,33.14315414,0,0,0,0,LOT,Meriwether County,"['32.84464', '33.231493', '-84.864633', '-84.490539']",POINT (-84.76554108 33.14315414)
30230-2086324946,8908,0,19700,0,Hogansville,0 Point North Dr,30230,-85.02983093,33.19085693,0,0,0,0,LOT,Troup County,"['32.868617', '33.224693', '-85.2365089', '-84.86147']",POINT (-85.02983093 33.19085693)
30230-112823117,8909,0,1500000,0,Hogansville,1491 Bass Cross Rd,30230,-84.87487793,33.15655136,0,0,0,0,LOT,Troup County,"['32.868617', '33.224693', '-85.2365089', '-84.86147']",POINT (-84.87487793 33.15655136)
30230-2078802229,8910,0,9999,0,Hogansville,0 S River Run Dr LOT 236,30230,-85.04857635,33.17163849,0,0,0,0,LOT,Troup County,"['32.868617', '33.224693', '-85.2365089', '-84.86147']",POINT (-85.04857635 33.17163849)
30230-70046090,8911,0,53000,0,Hogansville,82 S River Run Dr,30230,-85.05068207,33.17181778,0,0,0,0,LOT,Troup County,"['32.868617', '33.224693', '-85.2365089', '-84.86147']",POINT (-85.05068207 33.17181778)
30230-2078802230,8912,0,9999,0,Hogansville,0 Maple Ridge Dr LOT 237,30230,-85.05120087,33.16825485,0,0,0,0,LOT,Troup County,"['32.868617', '33.224693', '-85.2365089', '-84.86147']",POINT (-85.05120087 33.16825485)
30230-69959134,8913,0,13000,0,Hogansville,130 N River Cir,30230,-85.0001297,33.2449913,0,0,0,0,LOT,Heard County,"['33.1295626', '33.4280985', '-85.2939059', '-84.939015']",POINT (-85.0001297 33.2449913)
30230-2075579020,8914,0,93000,0,Hogansville,0 W State Route 54 Hwy,30230,-85.0116272,33.19773865,0,0,0,0,LOT,Troup County,"['32.868617', '33.224693', '-85.2365089', '-84.86147']",POINT (-85.0116272 33.19773865)
30230-70029629,8915,55772,15000,0,Hogansville,505 Elm St,30230,-84.92095184,33.1717453,0,0,0,0,LOT,Troup County,"['32.868617', '33.224693', '-85.2365089', '-84.86147']",POINT (-84.92095184 33.1717453)
30230-70039822,8916,55772,250000,0,Hogansville,209 Boozer St,30230,-84.9193573,33.16971207,0,0,0,0,LOT,Troup County,"['32.868617', '33.224693', '-85.2365089', '-84.86147']",POINT (-84.9193573 33.16971207)
30230-2069620443,8917,45530,55000,0,Hogansville,LOT 3A Hogan Coweta Rd,30230,-84.88957977,33.24227142,0,0,0,0,LOT,Coweta County,"['33.191043', '33.511758', '-85.015358', '-84.497043']",POINT (-84.88957977 33.24227142)
30230-2069620500,8918,55772,6500,0,Hogansville,51A Holmes St,30230,-84.91755676,33.1670723,0,0,0,0,LOT,Troup County,"['32.868617', '33.224693', '-85.2365089', '-84.86147']",POINT (-84.91755676 33.1670723)
30230-2120773976,8919,0,37000,0,Hogansville,0 Valley Rd,30230,-84.8815918,33.18971634,0,0,0,0,LOT,Troup County,"['32.868617', '33.224693', '-85.2365089', '-84.86147']",POINT (-84.8815918 33.18971634)
30230-70047003,8920,0,55000,0,Hogansville,371 Hillcrest Rd,30230,-85.03027344,33.13502502,0,0,0,0,LOT,Troup County,"['32.868617', '33.224693', '-85.2365089', '-84.86147']",POINT (-85.03027344 33.13502502)
30230-2103857111,8921,0,10000,0,Hogansville,0 S River Run Dr,30230,-85.04810333,33.1733017,0,0,0,0,LOT,Troup County,"['32.868617', '33.224693', '-85.2365089', '-84.86147']",POINT (-85.04810333 33.1733017)
30230-214001981,8922,0,52000,0,Hogansville,7567 Hogansville Rd,30230,-84.91675568,33.155159,0,0,0,0,LOT,Troup County,"['32.868617', '33.224693', '-85.2365089', '-84.86147']",POINT (-84.91675568 33.155159)
30230-2077650662,8923,0,29900,0,Hogansville,0 S Grayson Trl #116-117-11,30230,-85.05809784,33.17585373,0,0,0,0,LOT,Troup County,"['32.868617', '33.224693', '-85.2365089', '-84.86147']",POINT (-85.05809784 33.17585373)
30230-2070076983,8924,55772,69900,92,Hogansville,200 White St,30230,-84.90206909,33.17906189,1,2,0,0,SINGLE_FAMILY,Troup County,"['32.868617', '33.224693', '-85.2365089', '-84.86147']",POINT (-84.90206909 33.17906189)
30605-54374955,8992,23534,279900,216,Athens,341 S Church St,30605,-83.38393402,33.95256042,3,2,0,0,CONDO,Clarke County,,POINT (-83.38393402 33.95256042)
30601-54375141,8993,23534,749900,322,Athens,148 N Poplar St,30601,-83.36153412,33.95781708,3,4,1,0,SINGLE_FAMILY,Clarke County,"['33.8480209', '34.039466', '-83.5374696', '-83.2408342']",POINT (-83.36153412 33.95781708)
30606-54370188,8994,23534,599900,173,Athens,250 Bishop Dr,30606,-83.41555786,33.94102478,3,4,1,0,SINGLE_FAMILY,Clarke County,"['33.8480209', '34.039466', '-83.5374696', '-83.2408342']",POINT (-83.41555786 33.94102478)
30606-54368579,8995,23534,239900,243,Athens,210 Gloria St,30606,-83.4106369,33.95851898,1,2,0,0,SINGLE_FAMILY,Clarke County,"['33.8480209', '34.039466', '-83.5374696', '-83.2408342']",POINT (-83.4106369 33.95851898)
30606-54368597,8996,23534,300000,231,Athens,545 Holman Ave,30606,-83.40901947,33.95929337,1,2,1,0,SINGLE_FAMILY,Clarke County,"['33.8480209', '34.039466', '-83.5374696', '-83.2408342']",POINT (-83.40901947 33.95929337)
30606-54371951,8997,23534,430000,224,Athens,2188 S Lumpkin St,30606,-83.39086151,33.92562103,3,3,0,0,SINGLE_FAMILY,Clarke County,"['33.8480209', '34.039466', '-83.5374696', '-83.2408342']",POINT (-83.39086151 33.92562103)
30606-54369333,8998,23534,339000,160,Athens,276 The Plz,30606,-83.39810944,33.95529556,3,4,1,0,SINGLE_FAMILY,Clarke County,"['33.8480209', '34.039466', '-83.5374696', '-83.2408342']",POINT (-83.39810944 33.95529556)
30606-54369555,8999,23534,374000,278,Athens,35 Holman Ave,30606,-83.40177155,33.95254517,2,2,1,0,SINGLE_FAMILY,Clarke County,"['33.8480209', '34.039466', '-83.5374696', '-83.2408342']",POINT (-83.40177155 33.95254517)
30605-54375729,9000,23534,200000,281,Athens,220 Grove St,30605,-83.35993958,33.94638443,1,2,0,0,SINGLE_FAMILY,Clarke County,"['33.8480209', '34.039466', '-83.5374696', '-83.2408342']",POINT (-83.35993958 33.94638443)
30606-84081682,9001,23534,349900,245,Athens,730 Dearing St,30606,-83.39240265,33.95296478,2,3,0,0,SINGLE_FAMILY,Clarke County,"['33.8480209', '34.039466', '-83.5374696', '-83.2408342']",POINT (-83.39240265 33.95296478)
30605-97450814,9002,23534,82500,0,Athens,875 Riverbend Pkwy,30605,-83.35946655,33.9130249,0,0,0,0,LOT,Clarke County,"['33.8480209', '34.039466', '-83.5374696', '-83.2408342']",POINT (-83.35946655 33.9130249)
30606-54371706,9003,23534,664000,227,Athens,111 Princeton Mill Rd,30606,-83.39302063,33.92196655,3,3,1,0,SINGLE_FAMILY,Clarke County,"['33.8480209', '34.039466', '-83.5374696', '-83.2408342']",POINT (-83.39302063 33.92196655)
30601-2069621174,9004,23534,525000,0,Athens,346 Washington Dr #350-360-3,30601,-83.34503937,33.96012115,0,0,0,0,LOT,Clarke County,"['33.8480209', '34.039466', '-83.5374696', '-83.2408342']",POINT (-83.34503937 33.96012115)
30601-117601074,9005,23534,55000,0,Athens,215 Derby St,30601,-83.35865784,33.95397568,0,0,0,0,LOT,Clarke County,"['33.8480209', '34.039466', '-83.5374696', '-83.2408342']",POINT (-83.35865784 33.95397568)
30601-2089860792,9006,23534,875600,0,Athens,320 Old Hull Rd,30601,-83.35001373,33.97470474,0,0,0,0,LOT,Clarke County,"['33.8480209', '34.039466', '-83.5374696', '-83.2408342']",POINT (-83.35001373 33.97470474)
30605-2070240974,9007,23534,165000,107,Athens,2165 S Milledge Ave #E5,30605,-83.37591553,33.91942978,2,4,0,0,SINGLE_FAMILY,Clarke County,"['33.8480209', '34.039466', '-83.5374696', '-83.2408342']",POINT (-83.37591553 33.91942978)
30605-2130020711,9008,23534,149900,0,Athens,290 Appleby Dr APT 270,30605,-83.3631134,33.94815063,3,2,0,0,CONDO,Clarke County,"['33.8480209', '34.039466', '-83.5374696', '-83.2408342']",POINT (-83.3631134 33.94815063)
30606-54369426,9009,23534,319990,258,Athens,195 N Billups St,30606,-83.39281464,33.95474243,2,3,0,0,SINGLE_FAMILY,Clarke County,"['33.8480209', '34.039466', '-83.5374696', '-83.2408342']",POINT (-83.39281464 33.95474243)
30606-54370728,9010,23534,915000,186,Athens,840 Bobbin Mill Rd,30606,-83.39820099,33.94158554,6,7,0,0,SINGLE_FAMILY,Clarke County,"['33.8480209', '34.039466', '-83.5374696', '-83.2408342']",POINT (-83.39820099 33.94158554)
30606-97447757,9011,23534,700000,269,Athens,330 Fortson Dr,30606,-83.40144348,33.94272232,4,4,0,0,SINGLE_FAMILY,Clarke County,"['33.8480209', '34.039466', '-83.5374696', '-83.2408342']",POINT (-83.40144348 33.94272232)
30606-54370750,9012,23534,499900,252,Athens,125 Meadowview Rd,30606,-83.39975739,33.94269562,2,3,1,0,SINGLE_FAMILY,Clarke County,"['33.8480209', '34.039466', '-83.5374696', '-83.2408342']",POINT (-83.39975739 33.94269562)
30606-2069964900,9013,23534,239900,0,Athens,0 Old Princeton Rd,30606,-83.39194489,33.9276619,0,0,0,0,LOT,Clarke County,"['33.8480209', '34.039466', '-83.5374696', '-83.2408342']",POINT (-83.39194489 33.9276619)
30606-331411116,9014,23534,405000,220,Athens,675 Oglethorpe Ave,30606,-83.41165924,33.96237946,3,3,1,0,SINGLE_FAMILY,Clarke County,"['33.8480209', '34.039466', '-83.5374696', '-83.2408342']",POINT (-83.41165924 33.96237946)
30601-54373627,9015,23534,215000,236,Athens,147 Savannah Ave,30601,-83.38512421,33.96792984,1,2,0,0,SINGLE_FAMILY,Clarke County,"['33.8480209', '34.039466', '-83.5374696', '-83.2408342']",POINT (-83.38512421 33.96792984)
31721-76412829,11802,16701,209900,96,Albany,2607 Lansing Dr,31721,-84.23973846,31.61506462,3,4,0,1,SINGLE_FAMILY,Dougherty County,"['31.435671', '31.650105', '-84.457367', '-83.981865']",POINT (-84.23973846 31.61506462)
31721-76413074,11803,16701,159900,74,Albany,3308 Deans Dr,31721,-84.23390198,31.59705353,2,3,0,0,SINGLE_FAMILY,Dougherty County,"['31.435671', '31.650105', '-84.457367', '-83.981865']",POINT (-84.23390198 31.59705353)
31721-76414928,11804,16701,310000,99,Albany,2510 Perth Ct,31721,-84.24365234,31.60938644,3,3,0,0,SINGLE_FAMILY,Dougherty County,"['31.435671', '31.650105', '-84.457367', '-83.981865']",POINT (-84.24365234 31.60938644)
31721-76411794,11805,16701,199900,98,Albany,3114 Westgate Dr,31721,-84.22651672,31.59850502,3,3,0,0,MULTI_FAMILY,Dougherty County,"['31.435671', '31.650105', '-84.457367', '-83.981865']",POINT (-84.22651672 31.59850502)
31721-76411296,11806,16701,189900,103,Albany,3005 Ember Ct,31721,-84.22521973,31.59722519,2,3,0,0,SINGLE_FAMILY,Dougherty County,"['31.435671', '31.650105', '-84.457367', '-83.981865']",POINT (-84.22521973 31.59722519)
31721-2069739775,11807,16701,109900,50,Albany,1225-1225 Old Pretoria Rd,31721,-84.23344421,31.5155201,2,3,0,0,SINGLE_FAMILY,Dougherty County,"['31.435671', '31.650105', '-84.457367', '-83.981865']",POINT (-84.23344421 31.5155201)
31721-76419847,11808,16701,225000,105,Albany,710 Wildwood Dr,31721,-84.27664948,31.58901024,3,3,0,1,SINGLE_FAMILY,Dougherty County,"['31.435671', '31.650105', '-84.457367', '-83.981865']",POINT (-84.27664948 31.58901024)
31721-76420581,11809,16701,209900,103,Albany,2710 Somerset Dr,31721,-84.25629425,31.61413574,3,4,0,0,SINGLE_FAMILY,Dougherty County,"['31.435671', '31.650105', '-84.457367', '-83.981865']",POINT (-84.25629425 31.61413574)
31721-76414873,11810,16701,227000,112,Albany,2502 Kinloch Ct,31721,-84.24816895,31.6105938,2,4,0,0,SINGLE_FAMILY,Dougherty County,"['31.435671', '31.650105', '-84.457367', '-83.981865']",POINT (-84.24816895 31.6105938)
31721-76415106,11811,16701,135000,74,Albany,3209 Old Dawson Rd,31721,-84.2345047,31.61386299,2,3,0,0,SINGLE_FAMILY,Dougherty County,"['31.435671', '31.650105', '-84.457367', '-83.981865']",POINT (-84.2345047 31.61386299)
31721-76410011,11812,16701,425000,105,Albany,3708 Hidden Hill Ct,31721,-84.2578125,31.60937691,5,5,0,0,SINGLE_FAMILY,Dougherty County,"['31.435671', '31.650105', '-84.457367', '-83.981865']",POINT (-84.2578125 31.60937691)
31721-76417604,11813,16701,30000,0,Albany,2707 Somerset Dr,31721,-84.25750732,31.61488724,0,0,0,0,LOT,Dougherty County,"['31.435671', '31.650105', '-84.457367', '-83.981865']",POINT (-84.25750732 31.61488724)
31721-76422137,11814,16701,209900,126,Albany,1909 Weymouth Dr,31721,-84.25166321,31.58732033,2,3,0,0,SINGLE_FAMILY,Dougherty County,"['31.435671', '31.650105', '-84.457367', '-83.981865']",POINT (-84.25166321 31.58732033)
31721-76421139,11815,16701,29900,0,Albany,300 Ironhorse Ct,31721,-84.27690125,31.57275391,0,0,0,0,LOT,Dougherty County,"['31.435671', '31.650105', '-84.457367', '-83.981865']",POINT (-84.27690125 31.57275391)
31721-76411060,11816,16701,189900,106,Albany,517 Iveys Scenic Dr,31721,-84.26664734,31.58291626,2,3,0,0,SINGLE_FAMILY,Dougherty County,"['31.435671', '31.650105', '-84.457367', '-83.981865']",POINT (-84.26664734 31.58291626)
31721-76415736,11817,16701,183500,107,Albany,2214 Arrowwood Dr,31721,-84.23789978,31.60206985,2,3,0,0,SINGLE_FAMILY,Dougherty County,"['31.435671', '31.650105', '-84.457367', '-83.981865']",POINT (-84.23789978 31.60206985)
31721-76412090,11818,16701,419000,84,Albany,2305 Kings Ct,31721,-84.25618744,31.59888268,5,4,0,1,SINGLE_FAMILY,Dougherty County,"['31.435671', '31.650105', '-84.457367', '-83.981865']",POINT (-84.25618744 31.59888268)
31721-216665254,11819,16701,30500,0,Albany,2613 Birchwood Dr,31721,-84.31636047,31.61831474,0,0,0,0,LOT,Dougherty County,"['31.435671', '31.650105', '-84.457367', '-83.981865']",POINT (-84.31636047 31.61831474)
31721-216665251,11820,16701,34000,0,Albany,2610 Birchwood Dr,31721,-84.31478882,31.61771584,0,0,0,0,LOT,Dougherty County,"['31.435671', '31.650105', '-84.457367', '-83.981865']",POINT (-84.31478882 31.61771584)
31721-216665247,11821,16701,29700,0,Albany,2602 Birchwood Dr,31721,-84.31484222,31.61510658,0,0,0,0,LOT,Dougherty County,"['31.435671', '31.650105', '-84.457367', '-83.981865']",POINT (-84.31484222 31.61510658)
31721-216665239,11822,16701,40000,0,Albany,5500 Ironwood Ct,31721,-84.31509399,31.61343002,0,0,0,0,LOT,Dougherty County,"['31.435671', '31.650105', '-84.457367', '-83.981865']",POINT (-84.31509399 31.61343002)
31721-216665234,11823,16701,34500,0,Albany,5607 Oak Borough Ln,31721,-84.31863403,31.61585236,0,0,0,0,LOT,Dougherty County,"['31.435671', '31.650105', '-84.457367', '-83.981865']",POINT (-84.31863403 31.61585236)
31721-76393144,11824,16701,29000,0,Albany,5508 Ironwood Ct,31721,-84.31721497,31.61376762,0,0,0,0,LOT,Dougherty County,"['31.435671', '31.650105', '-84.457367', '-83.981865']",POINT (-84.31721497 31.61376762)
31721-76392968,11825,16701,40000,0,Albany,2601 Old Ivy Ln,31721,-84.32363892,31.61608124,0,0,0,0,LOT,Dougherty County,"['31.435671', '31.650105', '-84.457367', '-83.981865']",POINT (-84.32363892 31.61608124)
31721-76392584,11826,16701,48000,0,Albany,2611 Old Ivy Ln,31721,-84.3230896,31.6170578,0,0,0,0,LOT,Dougherty County,"['31.435671', '31.650105', '-84.457367', '-83.981865']",POINT (-84.3230896 31.6170578)
31721-76420914,11827,16701,24000,0,Albany,4802 Grandview Dr,31721,-84.29793549,31.58666992,0,0,0,0,LOT,Dougherty County,"['31.435671', '31.650105', '-84.457367', '-83.981865']",POINT (-84.29793549 31.58666992)
31721-76411371,11828,16701,112900,96,Albany,2819 Stonewater Dr,31721,-84.22379303,31.58905792,2,3,0,0,SINGLE_FAMILY,Dougherty County,"['31.435671', '31.650105', '-84.457367', '-83.981865']",POINT (-84.22379303 31.58905792)
31721-76412110,11829,16701,338500,89,Albany,2303 Winchester Rd,31721,-84.25784302,31.59870911,3,4,0,0,SINGLE_FAMILY,Dougherty County,"['31.435671', '31.650105', '-84.457367', '-83.981865']",POINT (-84.25784302 31.59870911)
31721-76410430,11830,16701,625000,144,Albany,610 Byron Plantation Rd,31721,-84.27363586,31.60985374,4,4,0,0,SINGLE_FAMILY,Dougherty County,"['31.435671', '31.650105', '-84.457367', '-83.981865']",POINT (-84.27363586 31.60985374)
31721-76413181,11831,16701,1948000,0,Albany,3101 Old Dawson Rd,31721,-84.23040009,31.6160717,0,0,0,0,LOT,Dougherty County,"['31.435671', '31.650105', '-84.457367', '-83.981865']",POINT (-84.23040009 31.6160717)
31721-76398733,11832,16701,174900,105,Albany,6203 Hardup Rd,31721,-84.21173096,31.48704147,2,3,0,0,SINGLE_FAMILY,Dougherty County,"['31.435671', '31.650105', '-84.457367', '-83.981865']",POINT (-84.21173096 31.48704147)
31721-76411271,11833,16701,135900,68,Albany,1610 Whisperwood St,31721,-84.23046875,31.58736038,2,4,0,0,MULTI_FAMILY,Dougherty County,"['31.435671', '31.650105', '-84.457367', '-83.981865']",POINT (-84.23046875 31.58736038)
31721-76407138,11834,16701,144500,86,Albany,2316 Oakhaven Dr,31721,-84.20716095,31.52182388,3,3,0,1,SINGLE_FAMILY,Dougherty County,"['31.435671', '31.650105', '-84.457367', '-83.981865']",POINT (-84.20716095 31.52182388)
31721-76414876,11835,16701,195000,90,Albany,2517 W Alberson Dr,31721,-84.24991608,31.61147308,3,4,0,1,SINGLE_FAMILY,Dougherty County,"['31.435671', '31.650105', '-84.457367', '-83.981865']",POINT (-84.24991608 31.61147308)
31721-2072314705,11836,16701,59900,0,Albany,605 Lockett Station Rd,31721,-84.25279236,31.56179619,0,0,0,0,LOT,Dougherty County,"['31.435671', '31.650105', '-84.457367', '-83.981865']",POINT (-84.25279236 31.56179619)
31721-216660617,11837,16701,685000,0,Albany,830 Lockett Station Rd,31721,-84.25153351,31.55296707,0,0,0,0,LOT,Dougherty County,"['31.435671', '31.650105', '-84.457367', '-83.981865']",POINT (-84.25153351 31.55296707)
31721-2072354905,11838,16701,84000,0,Albany,0 Gillionville Rd,31721,-84.45332336,31.58045006,0,0,0,0,LOT,Dougherty County,"['31.435671', '31.650105', '-84.457367', '-83.981865']",POINT (-84.45332336 31.58045006)
31721-216664095,11839,16701,99500,0,Albany,3506 Moss Island Ct,31721,-84.25740814,31.56641388,0,0,0,0,LOT,Dougherty County,"['31.435671', '31.650105', '-84.457367', '-83.981865']",POINT (-84.25740814 31.56641388)
31721-2072906399,11840,16701,37500,0,Albany,0 Wadsworth Dr,31721,-84.30017853,31.62232971,0,0,0,0,LOT,Terrell County,"['31.6211316', '31.967474', '-84.6030678', '-84.258499']",POINT (-84.30017853 31.62232971)
31721-76392942,11841,16701,49000,0,Albany,1010 Spring Hill Dr,31721,-84.32689667,31.61540985,0,0,0,0,LOT,Dougherty County,"['31.435671', '31.650105', '-84.457367', '-83.981865']",POINT (-84.32689667 31.61540985)
31721-76410689,11842,16701,382500,106,Albany,3613 Old Dawson Rd,31721,-84.25212097,31.61387444,4,4,0,0,SINGLE_FAMILY,Dougherty County,"['31.435671', '31.650105', '-84.457367', '-83.981865']",POINT (-84.25212097 31.61387444)
31721-216661486,11843,16701,54500,17,Albany,3806 Hidden Hill Ct,31721,-84.26291656,31.60967636,0,4,0,0,LOT,Dougherty County,"['31.435671', '31.650105', '-84.457367', '-83.981865']",POINT (-84.26291656 31.60967636)
31721-216660206,11844,16701,40000,0,Albany,7015 Hardup Rd,31721,-84.21368408,31.45192719,0,0,0,0,LOT,Dougherty County,"['31.435671', '31.650105', '-84.457367', '-83.981865']",POINT (-84.21368408 31.45192719)
31721-76408961,11845,16701,20000,0,Albany,6935 Hardup Rd,31721,-84.2156601,31.45122719,0,0,0,0,MULTI_FAMILY,Dougherty County,"['31.435671', '31.650105', '-84.457367', '-83.981865']",POINT (-84.2156601 31.45122719)
31721-216665168,11846,16701,63000,0,Albany,1020 Spring Hill Dr,31721,-84.32604218,31.6181469,0,0,0,0,LOT,Dougherty County,"['31.435671', '31.650105', '-84.457367', '-83.981865']",POINT (-84.32604218 31.6181469)
31721-216666230,11847,16701,27500,0,Albany,231 Stonegate Ln,31721,-84.2806015,31.57967949,0,0,0,1,LOT,Dougherty County,"['31.435671', '31.650105', '-84.457367', '-83.981865']",POINT (-84.2806015 31.57967949)
31721-2075632326,11848,16701,27500,0,Albany,233 Stonegate Ln,31721,-84.28064728,31.57949638,0,0,0,1,LOT,Dougherty County,"['31.435671', '31.650105', '-84.457367', '-83.981865']",POINT (-84.28064728 31.57949638)
31721-76410330,11849,16701,39000,0,Albany,2309 Winchester Rd,31721,-84.25782013,31.59986115,0,0,0,1,LOT,Dougherty County,"['31.435671', '31.650105', '-84.457367', '-83.981865']",POINT (-84.25782013 31.59986115)
31721-2075769498,11850,16701,11500,0,Albany,3630 Namdi Ave,31721,-84.16104889,31.49969482,0,0,0,0,LOT,Dougherty County,"['31.435671', '31.650105', '-84.457367', '-83.981865']",POINT (-84.16104889 31.49969482)
31721-2076649397,11851,16701,15500,0,Albany,3640 Namdi Ave,31721,-84.16104889,31.49950981,0,0,0,0,LOT,Dougherty County,"['31.435671', '31.650105', '-84.457367', '-83.981865']",POINT (-84.16104889 31.49950981)
30205-69898122,13063,43570,499900,146,Brooks,344 Poplar Dr,30205,-84.4592514,33.24021912,3,4,1,1,SINGLE_FAMILY,Spalding County,"['33.17862', '33.352621', '-84.509104', '-84.088991']",POINT (-84.4592514 33.24021912)
30205-2107334581,13064,43570,79800,0,Brooks,0 Mask Rd,30205,-84.48583984,33.26019669,0,0,0,0,LOT,Fayette County,"['33.2565', '33.5510211', '-84.62722', '-84.38163']",POINT (-84.48583984 33.26019669)
30205-2069989482,13065,43570,149000,0,Brooks,0 McIntosh Rd,30205,-84.43238831,33.28426743,0,0,0,0,LOT,Fayette County,"['33.2565', '33.5510211', '-84.62722', '-84.38163']",POINT (-84.43238831 33.28426743)
30205-2072274881,13066,43570,198000,0,Brooks,100 Kenley Dr #4,30205,-84.49344635,33.26990891,0,0,0,0,LOT,Fayette County,"['33.2565', '33.5510211', '-84.62722', '-84.38163']",POINT (-84.49344635 33.26990891)
30205-2072586976,13067,43570,429000,0,Brooks,7806 Newnan Rd,30205,-84.49573517,33.25209427,0,0,0,0,LOT,Spalding County,"['33.17862', '33.352621', '-84.509104', '-84.088991']",POINT (-84.49573517 33.25209427)
30205-2077734729,13068,43570,300000,0,Brooks,0 Woods Rd TRACT 2A,30205,-84.45821381,33.29632187,0,0,0,0,LOT,Fayette County,"['33.2565', '33.5510211', '-84.62722', '-84.38163']",POINT (-84.45821381 33.29632187)
30205-2101402605,13069,43570,298500,0,Brooks,0 W Kelley Lake Dr #15,30205,-84.48125458,33.29258347,0,0,0,0,LOT,Fayette County,"['33.2565', '33.5510211', '-84.62722', '-84.38163']",POINT (-84.48125458 33.29258347)
30205-80841527,13070,43570,199900,0,Brooks,230 Autumn Lake Ct,30205,-84.47418213,33.27981949,0,0,0,0,LOT,Fayette County,"['33.2565', '33.5510211', '-84.62722', '-84.38163']",POINT (-84.47418213 33.27981949)
30205-80855840,13071,43570,998950,117,Brooks,631 Mask Rd,30205,-84.48516846,33.26245117,7,8,1,1,SINGLE_FAMILY,Fayette County,"['33.2565', '33.5510211', '-84.62722', '-84.38163']",POINT (-84.48516846 33.26245117)
30205-252272932,13072,43570,799000,243,Brooks,465 Tri County Rd,30205,-84.45775604,33.2507515,4,5,0,0,SINGLE_FAMILY,Spalding County,"['33.17862', '33.352621', '-84.509104', '-84.088991']",POINT (-84.45775604 33.2507515)
30205-251512735,13073,43570,749900,111,Brooks,115 Elsberry Ln,30205,-84.43045044,33.28260422,9,6,1,0,SINGLE_FAMILY,Fayette County,"['33.2565', '33.5510211', '-84.62722', '-84.38163']",POINT (-84.43045044 33.28260422)
30205-14589242,13074,43570,435000,175,Brooks,125 Brooklet Way,30205,-84.45716095,33.27747726,3,4,1,1,SINGLE_FAMILY,Fayette County,"['33.2565', '33.5510211', '-84.62722', '-84.38163']",POINT (-84.45716095 33.27747726)
30205-52267247,13075,43570,625000,166,Brooks,247 Morgan Mill Rd,30205,-84.47664642,33.30601883,3,4,1,0,SINGLE_FAMILY,Fayette County,"['33.2565', '33.5510211', '-84.62722', '-84.38163']",POINT (-84.47664642 33.30601883)
30205-52266724,13076,43570,1100000,122,Brooks,1477 Highway 85 Connector,30205,-84.48925781,33.25664902,5,6,1,1,SINGLE_FAMILY,Spalding County,"['33.17862', '33.352621', '-84.509104', '-84.088991']",POINT (-84.48925781 33.25664902)
30205-52266898,13077,43570,630000,336,Brooks,466 Price Rd,30205,-84.48525238,33.2878418,2,2,1,1,SINGLE_FAMILY,Fayette County,"['33.2565', '33.5510211', '-84.62722', '-84.38163']",POINT (-84.48525238 33.2878418)
30215-2072489499,13078,43570,969600,0,Fayetteville,0 Price Rd #85,30215,-84.46324921,33.29175949,0,0,0,0,LOT,Fayette County,"['33.2565', '33.5510211', '-84.62722', '-84.38163']",POINT (-84.46324921 33.29175949)
30621-227387594,13129,51011,449900,199,Bishop,3518 Townside Dr,30621,-83.44793701,33.81933594,3,3,1,0,SINGLE_FAMILY,Oconee County,"['33.698307', '33.9657304', '-83.647031', '-83.2762105']",POINT (-83.44793701 33.81933594)
30621-2073029743,13130,51011,630000,93,Bishop,1051 Riverwalk Poin,30621,-83.48443604,33.80305481,4,4,1,0,SINGLE_FAMILY,Morgan County,"['33.434472', '33.81776', '-83.687386', '-83.269196']",POINT (-83.48443604 33.80305481)
30621-76588806,13131,130539,525000,168,Bishop,201 Hillsboro Rd,30621,-83.50428772,33.82485962,3,4,0,0,SINGLE_FAMILY,Oconee County,"['33.698307', '33.9657304', '-83.647031', '-83.2762105']",POINT (-83.50428772 33.82485962)
30621-76587622,13132,0,849900,200,Bishop,1101 Lexington Ct,30621,-83.49480438,33.84085464,5,4,1,0,SINGLE_FAMILY,Oconee County,"['33.698307', '33.9657304', '-83.647031', '-83.2762105']",POINT (-83.49480438 33.84085464)
30621-227387573,13133,51011,120000,0,Bishop,1209 Townside Dr,30621,-83.44003296,33.81998444,0,0,0,0,LOT,Oconee County,"['33.698307', '33.9657304', '-83.647031', '-83.2762105']",POINT (-83.44003296 33.81998444)
30621-124039072,13134,51011,749000,121,Bishop,1215 Shoal Creek Way,30621,-83.46852875,33.84141922,5,5,1,0,SINGLE_FAMILY,Oconee County,"['33.698307', '33.9657304', '-83.647031', '-83.2762105']",POINT (-83.46852875 33.84141922)
30621-76587665,13135,0,799000,0,Bishop,1641 Maxey Rd,30621,-83.50031281,33.85074615,5,4,1,0,SINGLE_FAMILY,Oconee County,"['33.698307', '33.9657304', '-83.647031', '-83.2762105']",POINT (-83.50031281 33.85074615)
30621-93117703,13136,0,740000,210,Bishop,1040 Apalachee Trce,30621,-83.5403595,33.8349762,4,4,1,0,SINGLE_FAMILY,Oconee County,"['33.698307', '33.9657304', '-83.647031', '-83.2762105']",POINT (-83.5403595 33.8349762)
30621-105346858,13137,11646,710000,222,Bishop,6698 Bostwick Rd,30621,-83.53343201,33.7519455,3,3,1,0,SINGLE_FAMILY,Morgan County,"['33.434472', '33.81776', '-83.687386', '-83.269196']",POINT (-83.53343201 33.7519455)
30621-76587627,13138,0,1199000,224,Bishop,1071 Lexington Ct,30621,-83.49409485,33.84144211,5,4,1,0,SINGLE_FAMILY,Oconee County,"['33.698307', '33.9657304', '-83.647031', '-83.2762105']",POINT (-83.49409485 33.84144211)
30621-76589078,13139,51011,1149000,174,Bishop,1130 River Run,30621,-83.47907257,33.80106735,7,6,1,0,SINGLE_FAMILY,Oconee County,"['33.698307', '33.9657304', '-83.647031', '-83.2762105']",POINT (-83.47907257 33.80106735)
30621-93118127,13140,51011,1350000,0,Bishop,1900 Gober Rd,30621,-83.48082733,33.80563354,4,4,1,0,SINGLE_FAMILY,Oconee County,"['33.698307', '33.9657304', '-83.647031', '-83.2762105']",POINT (-83.48082733 33.80563354)
30621-227393764,13141,55057,449000,556,Bishop,5640 Macon Hwy,30621,-83.4287262,33.83494949,1,2,0,0,SINGLE_FAMILY,Oconee County,"['33.698307', '33.9657304', '-83.647031', '-83.2762105']",POINT (-83.4287262 33.83494949)
30621-76589021,13142,51011,889000,174,Bishop,1200 River Run,30621,-83.48152161,33.79867935,7,4,1,0,SINGLE_FAMILY,Oconee County,"['33.698307', '33.9657304', '-83.647031', '-83.2762105']",POINT (-83.48152161 33.79867935)
30621-227387263,13143,51011,125000,0,Bishop,1836 Shoal Creek Way,30621,-83.47039795,33.84217072,0,0,0,0,LOT,Oconee County,"['33.698307', '33.9657304', '-83.647031', '-83.2762105']",POINT (-83.47039795 33.84217072)
30621-227387290,13144,51011,125000,0,Bishop,2150 Boulder Ridge Ln,30621,-83.4726181,33.83924103,0,0,0,0,LOT,Oconee County,"['33.698307', '33.9657304', '-83.647031', '-83.2762105']",POINT (-83.4726181 33.83924103)
30621-227387345,13145,51011,125000,0,Bishop,1371 Shoal Creek Way,30621,-83.46887207,33.84161758,0,0,0,0,LOT,Oconee County,"['33.698307', '33.9657304', '-83.647031', '-83.2762105']",POINT (-83.46887207 33.84161758)
